country_name,year,value_Taxes on pollution/resources,value_Total environmental taxes,value_filled_Taxes on pollution/resources,value_filled_Total environmental taxes
Austria,1995,0.02,2.17,0.02,2.17
Austria,1996,0.02,2.18,0.02,2.18
Austria,1997,0.02,2.37,0.02,2.37
Austria,1998,0.03,2.31,0.03,2.31
Austria,1999,0.04,2.32,0.04,2.32
Austria,2000,0.04,2.44,0.04,2.44
Austria,2001,0.05,2.59,0.05,2.59
Austria,2002,0.05,2.66,0.05,2.66
Austria,2003,0.05,2.74,0.05,2.74
Austria,2004,0.03,2.69,0.03,2.69
Austria,2005,0.02,2.59,0.02,2.59
Austria,2006,0.03,2.46,0.03,2.46
Austria,2007,0.03,2.46,0.03,2.46
Austria,2008,0.03,2.4,0.03,2.4
Austria,2009,0.02,2.4,0.02,2.4
Austria,2010,0.02,2.4,0.02,2.4
Austria,2011,0.02,2.51,0.02,2.51
Austria,2012,0.02,2.51,0.02,2.51
Austria,2013,0.02,2.56,0.02,2.56
Austria,2014,0.02,2.62,0.02,2.62
Austria,2015,0.02,2.64,0.02,2.64
Austria,2016,0.02,2.65,0.02,2.65
Austria,2017,0.02,2.64,0.02,2.64
Austria,2018,0.03,2.5,0.03,2.5
Austria,2019,0.02,2.45,0.02,2.45
Austria,2020,0.02,2.32,0.02,2.32
Austria,2021,0.02,2.41,0.02,2.41
Austria,2022,0.02,1.9,0.02,1.9
Austria,2023,0.02,2.01,0.02,2.01
Belgium,1995,0.16,2.41,0.16,2.41
Belgium,1996,0.21,2.66,0.21,2.66
Belgium,1997,0.24,2.67,0.24,2.67
Belgium,1998,0.22,2.59,0.22,2.59
Belgium,1999,0.22,2.59,0.22,2.59
Belgium,2000,0.19,2.41,0.19,2.41
Belgium,2001,0.18,2.39,0.18,2.39
Belgium,2002,0.17,2.34,0.17,2.34
Belgium,2003,0.17,2.42,0.17,2.42
Belgium,2004,0.22,2.53,0.22,2.53
Belgium,2005,0.2,2.53,0.2,2.53
Belgium,2006,0.16,2.36,0.16,2.36
Belgium,2007,0.15,2.33,0.15,2.33
Belgium,2008,0.14,2.3,0.14,2.3
Belgium,2009,0.15,2.35,0.15,2.35
Belgium,2010,0.15,2.43,0.15,2.43
Belgium,2011,0.14,2.53,0.14,2.53
Belgium,2012,0.13,2.48,0.13,2.48
Belgium,2013,0.13,2.49,0.13,2.49
Belgium,2014,0.13,2.51,0.13,2.51
Belgium,2015,0.12,2.55,0.12,2.55
Belgium,2016,0.13,2.68,0.13,2.68
Belgium,2017,0.12,2.7,0.12,2.7
Belgium,2018,0.13,2.69,0.13,2.69
Belgium,2019,0.12,2.63,0.12,2.63
Belgium,2020,0.13,2.5,0.13,2.5
Belgium,2021,0.11,2.48,0.11,2.48
Belgium,2022,0.1,2.2,0.1,2.2
Belgium,2023,0.1,2.32,0.1,2.32
Bulgaria,1995,0.0,1.2,0.0,1.2
Bulgaria,1996,0.01,0.81,0.01,0.81
Bulgaria,1997,0.0,1.15,0.0,1.15
Bulgaria,1998,0.0,2.34,0.0,2.34
Bulgaria,1999,0.01,2.46,0.01,2.46
Bulgaria,2000,0.01,2.78,0.01,2.78
Bulgaria,2001,0.01,2.48,0.01,2.48
Bulgaria,2002,0.09,2.36,0.09,2.36
Bulgaria,2003,0.14,2.8,0.14,2.8
Bulgaria,2004,0.18,3.0,0.18,3.0
Bulgaria,2005,0.14,2.96,0.14,2.96
Bulgaria,2006,0.12,2.78,0.12,2.78
Bulgaria,2007,0.08,3.19,0.08,3.19
Bulgaria,2008,0.13,3.28,0.13,3.28
Bulgaria,2009,0.07,2.84,0.07,2.84
Bulgaria,2010,0.08,2.75,0.08,2.75
Bulgaria,2011,0.08,2.67,0.08,2.67
Bulgaria,2012,0.05,2.65,0.05,2.65
Bulgaria,2013,0.08,2.86,0.08,2.86
Bulgaria,2014,0.07,2.84,0.07,2.84
Bulgaria,2015,0.07,2.95,0.07,2.95
Bulgaria,2016,0.07,2.98,0.07,2.98
Bulgaria,2017,0.06,2.8,0.06,2.8
Bulgaria,2018,0.06,2.62,0.06,2.62
Bulgaria,2019,0.05,3.0,0.05,3.0
Bulgaria,2020,0.04,3.0,0.04,3.0
Bulgaria,2021,0.04,2.77,0.04,2.77
Bulgaria,2022,0.03,4.76,0.03,4.76
Bulgaria,2023,0.03,3.35,0.03,3.35
Croatia,1995,0.84,3.15,0.84,3.15
Croatia,1996,0.8,3.08,0.8,3.08
Croatia,1997,0.71,2.71,0.71,2.71
Croatia,1998,0.7,2.85,0.7,2.85
Croatia,1999,0.7,2.98,0.7,2.98
Croatia,2000,0.61,3.38,0.61,3.38
Croatia,2001,0.62,3.51,0.62,3.51
Croatia,2002,0.56,4.03,0.56,4.03
Croatia,2003,0.55,4.08,0.55,4.08
Croatia,2004,0.54,3.95,0.54,3.95
Croatia,2005,0.49,3.79,0.49,3.79
Croatia,2006,0.75,3.96,0.75,3.96
Croatia,2007,0.94,4.02,0.94,4.02
Croatia,2008,0.94,3.75,0.94,3.75
Croatia,2009,0.92,3.7,0.92,3.7
Croatia,2010,0.83,3.81,0.83,3.81
Croatia,2011,0.78,3.4,0.78,3.4
Croatia,2012,0.73,3.24,0.73,3.24
Croatia,2013,0.74,3.53,0.74,3.53
Croatia,2014,0.83,3.94,0.83,3.94
Croatia,2015,0.89,4.2,0.89,4.2
Croatia,2016,0.89,4.3,0.89,4.3
Croatia,2017,0.87,4.28,0.87,4.28
Croatia,2018,0.87,4.33,0.87,4.33
Croatia,2019,0.82,4.24,0.82,4.24
Croatia,2020,0.83,4.06,0.83,4.06
Croatia,2021,0.77,3.87,0.77,3.87
Croatia,2022,0.7,3.36,0.7,3.36
Croatia,2023,0.65,3.3,0.65,3.3
Cyprus,1995,0.52,3.14,0.52,3.14
Cyprus,1996,0.51,3.05,0.51,3.05
Cyprus,1997,0.5,2.74,0.5,2.74
Cyprus,1998,0.47,2.76,0.47,2.76
Cyprus,1999,0.45,2.71,0.45,2.71
Cyprus,2000,0.42,2.89,0.42,2.89
Cyprus,2001,0.39,3.14,0.39,3.14
Cyprus,2002,0.39,3.1,0.39,3.1
Cyprus,2003,0.36,3.82,0.36,3.82
Cyprus,2004,0.34,3.97,0.34,3.97
Cyprus,2005,0.33,3.65,0.33,3.65
Cyprus,2006,0.31,3.4,0.31,3.4
Cyprus,2007,0.29,3.43,0.29,3.43
Cyprus,2008,0.27,3.29,0.27,3.29
Cyprus,2009,0.28,3.07,0.28,3.07
Cyprus,2010,0.28,3.02,0.28,3.02
Cyprus,2011,0.28,3.02,0.28,3.02
Cyprus,2012,0.29,2.86,0.29,2.86
Cyprus,2013,0.32,3.03,0.32,3.03
Cyprus,2014,0.34,3.39,0.34,3.39
Cyprus,2015,0.33,3.36,0.33,3.36
Cyprus,2016,0.32,3.23,0.32,3.23
Cyprus,2017,0.32,3.26,0.32,3.26
Cyprus,2018,0.31,3.09,0.31,3.09
Cyprus,2019,0.29,2.75,0.29,2.75
Cyprus,2020,0.3,2.59,0.3,2.59
Cyprus,2021,0.27,2.49,0.27,2.49
Cyprus,2022,0.23,2.07,0.23,2.07
Cyprus,2023,0.23,2.11,0.23,2.11
Czechia,1995,0.19,2.6,0.19,2.6
Czechia,1996,0.15,2.43,0.15,2.43
Czechia,1997,0.13,2.27,0.13,2.27
Czechia,1998,0.08,2.16,0.08,2.16
Czechia,1999,0.07,2.32,0.07,2.32
Czechia,2000,0.05,2.24,0.05,2.24
Czechia,2001,0.04,2.32,0.04,2.32
Czechia,2002,0.04,2.26,0.04,2.26
Czechia,2003,0.04,2.33,0.04,2.33
Czechia,2004,0.03,2.41,0.03,2.41
Czechia,2005,0.03,2.45,0.03,2.45
Czechia,2006,0.02,2.37,0.02,2.37
Czechia,2007,0.02,2.3,0.02,2.3
Czechia,2008,0.02,2.25,0.02,2.25
Czechia,2009,0.03,2.3,0.03,2.3
Czechia,2010,0.03,2.24,0.03,2.24
Czechia,2011,0.03,2.31,0.03,2.31
Czechia,2012,0.02,2.2,0.02,2.2
Czechia,2013,0.02,2.09,0.02,2.09
Czechia,2014,0.02,2.11,0.02,2.11
Czechia,2015,0.02,2.04,0.02,2.04
Czechia,2016,0.01,2.08,0.01,2.08
Czechia,2017,0.01,1.98,0.01,1.98
Czechia,2018,0.01,1.93,0.01,1.93
Czechia,2019,0.01,2.0,0.01,2.0
Czechia,2020,0.01,1.88,0.01,1.88
Czechia,2021,0.01,1.78,0.01,1.78
Czechia,2022,0.01,1.42,0.01,1.42
Czechia,2023,0.01,1.56,0.01,1.56
Denmark,1995,0.22,4.32,0.22,4.32
Denmark,1996,0.29,4.54,0.29,4.54
Denmark,1997,0.34,4.58,0.34,4.58
Denmark,1998,0.4,5.27,0.4,5.27
Denmark,1999,0.4,5.29,0.4,5.29
Denmark,2000,0.35,4.84,0.35,4.84
Denmark,2001,0.33,4.81,0.33,4.81
Denmark,2002,0.34,4.99,0.34,4.99
Denmark,2003,0.32,4.8,0.32,4.8
Denmark,2004,0.31,4.98,0.31,4.98
Denmark,2005,0.3,4.91,0.3,4.91
Denmark,2006,0.29,4.68,0.29,4.68
Denmark,2007,0.29,4.74,0.29,4.74
Denmark,2008,0.28,4.15,0.28,4.15
Denmark,2009,0.26,3.98,0.26,3.98
Denmark,2010,0.21,4.01,0.21,4.01
Denmark,2011,0.21,4.01,0.21,4.01
Denmark,2012,0.23,3.97,0.23,3.97
Denmark,2013,0.25,4.12,0.25,4.12
Denmark,2014,0.21,4.01,0.21,4.01
Denmark,2015,0.23,3.98,0.23,3.98
Denmark,2016,0.2,3.93,0.2,3.93
Denmark,2017,0.17,3.67,0.17,3.67
Denmark,2018,0.17,3.59,0.17,3.59
Denmark,2019,0.16,3.32,0.16,3.32
Denmark,2020,0.17,3.17,0.17,3.17
Denmark,2021,0.16,2.81,0.16,2.81
Denmark,2022,0.14,2.36,0.14,2.36
Denmark,2023,0.14,2.05,0.14,2.05
Estonia,1995,0.13,0.86,0.13,0.86
Estonia,1996,0.13,1.4,0.13,1.4
Estonia,1997,0.14,1.5,0.14,1.5
Estonia,1998,0.14,1.88,0.14,1.88
Estonia,1999,0.14,1.68,0.14,1.68
Estonia,2000,0.25,1.69,0.25,1.69
Estonia,2001,0.31,2.11,0.31,2.11
Estonia,2002,0.29,1.98,0.29,1.98
Estonia,2003,0.31,1.88,0.31,1.88
Estonia,2004,0.24,2.08,0.24,2.08
Estonia,2005,0.28,2.25,0.28,2.25
Estonia,2006,0.32,2.18,0.32,2.18
Estonia,2007,0.33,2.21,0.33,2.21
Estonia,2008,0.33,2.39,0.33,2.39
Estonia,2009,0.38,3.14,0.38,3.14
Estonia,2010,0.31,3.29,0.31,3.29
Estonia,2011,0.29,2.99,0.29,2.99
Estonia,2012,0.26,3.1,0.26,3.1
Estonia,2013,0.28,2.87,0.28,2.87
Estonia,2014,0.28,2.9,0.28,2.9
Estonia,2015,0.28,3.0,0.28,3.0
Estonia,2016,0.29,3.24,0.29,3.24
Estonia,2017,0.28,3.14,0.28,3.14
Estonia,2018,0.27,2.96,0.27,2.96
Estonia,2019,0.21,3.42,0.21,3.42
Estonia,2020,0.16,2.68,0.16,2.68
Estonia,2021,0.15,2.6,0.15,2.6
Estonia,2022,0.16,2.54,0.16,2.54
Estonia,2023,0.14,2.61,0.14,2.61
European Union - 27 countries (from 2020),1995,0.08,2.58,0.08,2.58
European Union - 27 countries (from 2020),1996,0.09,2.64,0.09,2.64
European Union - 27 countries (from 2020),1997,0.09,2.61,0.09,2.61
European Union - 27 countries (from 2020),1998,0.09,2.62,0.09,2.62
European Union - 27 countries (from 2020),1999,0.09,2.68,0.09,2.68
European Union - 27 countries (from 2020),2000,0.09,2.58,0.09,2.58
European Union - 27 countries (from 2020),2001,0.09,2.57,0.09,2.57
European Union - 27 countries (from 2020),2002,0.09,2.59,0.09,2.59
European Union - 27 countries (from 2020),2003,0.09,2.63,0.09,2.63
European Union - 27 countries (from 2020),2004,0.09,2.62,0.09,2.62
European Union - 27 countries (from 2020),2005,0.08,2.59,0.08,2.59
European Union - 27 countries (from 2020),2006,0.09,2.54,0.09,2.54
European Union - 27 countries (from 2020),2007,0.09,2.45,0.09,2.45
European Union - 27 countries (from 2020),2008,0.09,2.4,0.09,2.4
European Union - 27 countries (from 2020),2009,0.09,2.5,0.09,2.5
European Union - 27 countries (from 2020),2010,0.08,2.47,0.08,2.47
European Union - 27 countries (from 2020),2011,0.08,2.55,0.08,2.55
European Union - 27 countries (from 2020),2012,0.09,2.6,0.09,2.6
European Union - 27 countries (from 2020),2013,0.09,2.68,0.09,2.68
European Union - 27 countries (from 2020),2014,0.09,2.72,0.09,2.72
European Union - 27 countries (from 2020),2015,0.09,2.68,0.09,2.68
European Union - 27 countries (from 2020),2016,0.09,2.7,0.09,2.7
European Union - 27 countries (from 2020),2017,0.08,2.65,0.08,2.65
European Union - 27 countries (from 2020),2018,0.08,2.61,0.08,2.61
European Union - 27 countries (from 2020),2019,0.08,2.57,0.08,2.57
European Union - 27 countries (from 2020),2020,0.08,2.47,0.08,2.47
European Union - 27 countries (from 2020),2021,0.08,2.39,0.08,2.39
European Union - 27 countries (from 2020),2022,0.08,2.11,0.08,2.11
European Union - 27 countries (from 2020),2023,0.08,2.03,0.08,2.03
Finland,1995,0.02,2.86,0.02,2.86
Finland,1996,0.03,3.03,0.03,3.03
Finland,1997,0.04,3.25,0.04,3.25
Finland,1998,0.05,3.23,0.05,3.23
Finland,1999,0.05,3.32,0.05,3.32
Finland,2000,0.04,3.05,0.04,3.05
Finland,2001,0.04,2.88,0.04,2.88
Finland,2002,0.04,2.97,0.04,2.97
Finland,2003,0.05,3.08,0.05,3.08
Finland,2004,0.05,3.12,0.05,3.12
Finland,2005,0.06,2.97,0.06,2.97
Finland,2006,0.07,2.91,0.07,2.91
Finland,2007,0.07,2.66,0.07,2.66
Finland,2008,0.05,2.59,0.05,2.59
Finland,2009,0.05,2.52,0.05,2.52
Finland,2010,0.05,2.67,0.05,2.67
Finland,2011,0.07,3.01,0.07,3.01
Finland,2012,0.06,2.97,0.06,2.97
Finland,2013,0.06,2.93,0.06,2.93
Finland,2014,0.05,2.89,0.05,2.89
Finland,2015,0.05,2.91,0.05,2.91
Finland,2016,0.03,3.11,0.03,3.11
Finland,2017,0.03,2.98,0.03,2.98
Finland,2018,0.03,2.95,0.03,2.95
Finland,2019,0.02,2.82,0.02,2.82
Finland,2020,0.02,2.74,0.02,2.74
Finland,2021,0.02,2.53,0.02,2.53
Finland,2022,0.02,2.45,0.02,2.45
Finland,2023,0.02,2.26,0.02,2.26
France,1995,0.14,2.51,0.14,2.51
France,1996,0.16,2.56,0.16,2.56
France,1997,0.12,2.45,0.12,2.45
France,1998,0.12,2.45,0.12,2.45
France,1999,0.12,2.37,0.12,2.37
France,2000,0.14,2.17,0.14,2.17
France,2001,0.14,1.96,0.14,1.96
France,2002,0.15,2.06,0.15,2.06
France,2003,0.14,1.98,0.14,1.98
France,2004,0.13,2.08,0.13,2.08
France,2005,0.12,2.0,0.12,2.0
France,2006,0.12,1.95,0.12,1.95
France,2007,0.12,1.87,0.12,1.87
France,2008,0.12,1.83,0.12,1.83
France,2009,0.12,1.85,0.12,1.85
France,2010,0.11,1.87,0.11,1.87
France,2011,0.13,1.9,0.13,1.9
France,2012,0.14,1.94,0.14,1.94
France,2013,0.14,2.0,0.14,2.0
France,2014,0.14,2.01,0.14,2.01
France,2015,0.13,2.14,0.13,2.14
France,2016,0.13,2.23,0.13,2.23
France,2017,0.13,2.3,0.13,2.3
France,2018,0.12,2.37,0.12,2.37
France,2019,0.11,2.31,0.11,2.31
France,2020,0.12,2.13,0.12,2.13
France,2021,0.12,2.16,0.12,2.16
France,2022,0.12,2.01,0.12,2.01
France,2023,0.13,1.77,0.13,1.77
Germany,1995,0.0,2.12,0.0,2.12
Germany,1996,0.0,2.14,0.0,2.14
Germany,1997,0.0,2.12,0.0,2.12
Germany,1998,0.0,2.08,0.0,2.08
Germany,1999,0.0,2.23,0.0,2.23
Germany,2000,0.0,2.39,0.0,2.39
Germany,2001,0.0,2.56,0.0,2.56
Germany,2002,0.0,2.57,0.0,2.57
Germany,2003,0.0,2.73,0.0,2.73
Germany,2004,0.0,2.65,0.0,2.65
Germany,2005,0.0,2.62,0.0,2.62
Germany,2006,0.0,2.58,0.0,2.58
Germany,2007,0.0,2.47,0.0,2.47
Germany,2008,0.0,2.48,0.0,2.48
Germany,2009,0.0,2.66,0.0,2.66
Germany,2010,0.0,2.44,0.0,2.44
Germany,2011,0.0,2.63,0.0,2.63
Germany,2012,0.0,2.59,0.0,2.59
Germany,2013,0.0,2.73,0.0,2.73
Germany,2014,0.0,2.74,0.0,2.74
Germany,2015,0.0,2.62,0.0,2.62
Germany,2016,0.0,2.58,0.0,2.58
Germany,2017,0.0,2.56,0.0,2.56
Germany,2018,0.0,2.46,0.0,2.46
Germany,2019,0.0,2.43,0.0,2.43
Germany,2020,0.0,2.4,0.0,2.4
Germany,2021,0.0,2.23,0.0,2.23
Germany,2022,0.0,1.85,0.0,1.85
Germany,2023,0.0,1.71,0.0,1.71
Greece,1995,0.0,3.19,0.0,3.19
Greece,1996,0.0,3.26,0.0,3.26
Greece,1997,0.0,3.05,0.0,3.05
Greece,1998,0.0,2.91,0.0,2.91
Greece,1999,0.0,2.67,0.0,2.67
Greece,2000,0.0,2.31,0.0,2.31
Greece,2001,0.0,2.28,0.0,2.28
Greece,2002,0.0,2.34,0.0,2.34
Greece,2003,0.0,2.21,0.0,2.21
Greece,2004,0.0,2.18,0.0,2.18
Greece,2005,0.0,2.16,0.0,2.16
Greece,2006,0.0,2.07,0.0,2.07
Greece,2007,0.0,2.11,0.0,2.11
Greece,2008,0.0,2.08,0.0,2.08
Greece,2009,0.0,2.11,0.0,2.11
Greece,2010,0.0,2.67,0.0,2.67
Greece,2011,0.0,2.96,0.0,2.96
Greece,2012,0.0,3.73,0.0,3.73
Greece,2013,0.0,4.06,0.0,4.06
Greece,2014,0.0,4.13,0.0,4.13
Greece,2015,0.0,4.22,0.0,4.22
Greece,2016,0.0,4.17,0.0,4.17
Greece,2017,0.0,4.37,0.0,4.37
Greece,2018,0.01,4.1,0.01,4.1
Greece,2019,0.0,4.16,0.0,4.16
Greece,2020,0.0,4.07,0.0,4.07
Greece,2021,0.01,4.17,0.01,4.17
Greece,2022,0.04,5.6,0.04,5.6
Greece,2023,0.01,4.11,0.01,4.11
Hungary,1995,0.12,2.54,0.12,2.54
Hungary,1996,0.19,2.63,0.19,2.63
Hungary,1997,0.18,2.63,0.18,2.63
Hungary,1998,0.23,3.22,0.23,3.22
Hungary,1999,0.14,3.25,0.14,3.25
Hungary,2000,0.15,2.94,0.15,2.94
Hungary,2001,0.15,2.71,0.15,2.71
Hungary,2002,0.15,2.65,0.15,2.65
Hungary,2003,0.18,2.59,0.18,2.59
Hungary,2004,0.17,2.8,0.17,2.8
Hungary,2005,0.13,2.72,0.13,2.72
Hungary,2006,0.14,2.84,0.14,2.84
Hungary,2007,0.14,2.76,0.14,2.76
Hungary,2008,0.16,2.69,0.16,2.69
Hungary,2009,0.17,2.62,0.17,2.62
Hungary,2010,0.1,2.64,0.1,2.64
Hungary,2011,0.09,2.55,0.09,2.55
Hungary,2012,0.23,2.53,0.23,2.53
Hungary,2013,0.21,2.44,0.21,2.44
Hungary,2014,0.21,2.41,0.21,2.41
Hungary,2015,0.25,2.47,0.25,2.47
Hungary,2016,0.25,2.53,0.25,2.53
Hungary,2017,0.26,2.44,0.26,2.44
Hungary,2018,0.24,2.27,0.24,2.27
Hungary,2019,0.23,2.24,0.23,2.24
Hungary,2020,0.21,2.15,0.21,2.15
Hungary,2021,0.2,2.0,0.2,2.0
Hungary,2022,0.18,1.84,0.18,1.84
Hungary,2023,0.11,2.16,0.11,2.16
Iceland,1995,0.05,2.32,0.05,2.32
Iceland,1996,0.05,2.44,0.05,2.44
Iceland,1997,0.06,2.41,0.06,2.41
Iceland,1998,0.14,3.42,0.14,3.42
Iceland,1999,0.2,3.55,0.2,3.55
Iceland,2000,0.2,3.32,0.2,3.32
Iceland,2001,0.19,2.71,0.19,2.71
Iceland,2002,0.18,2.56,0.18,2.56
Iceland,2003,0.24,2.83,0.24,2.83
Iceland,2004,0.29,2.94,0.29,2.94
Iceland,2005,0.29,3.18,0.29,3.18
Iceland,2006,0.3,2.88,0.3,2.88
Iceland,2007,0.3,2.77,0.3,2.77
Iceland,2008,0.3,2.12,0.3,2.12
Iceland,2009,0.31,1.94,0.31,1.94
Iceland,2010,0.31,2.21,0.31,2.21
Iceland,2011,0.33,2.22,0.33,2.22
Iceland,2012,0.32,2.3,0.32,2.3
Iceland,2013,0.31,2.15,0.31,2.15
Iceland,2014,0.32,2.14,0.32,2.14
Iceland,2015,0.32,2.13,0.32,2.13
Iceland,2016,0.33,2.06,0.33,2.06
Iceland,2017,0.34,2.2,0.34,2.2
Iceland,2018,0.35,2.12,0.35,2.12
Iceland,2019,0.34,2.01,0.34,2.01
Iceland,2020,0.38,2.01,0.38,2.01
Iceland,2021,0.41,1.68,0.41,1.68
Iceland,2022,0.36,1.79,0.36,1.79
Iceland,2023,0.39,1.81,0.39,1.81
Ireland,1995,0.0,2.96,0.0,2.96
Ireland,1996,0.0,3.03,0.0,3.03
Ireland,1997,0.0,2.94,0.0,2.94
Ireland,1998,0.0,2.93,0.0,2.93
Ireland,1999,0.0,2.92,0.0,2.92
Ireland,2000,0.0,2.74,0.0,2.74
Ireland,2001,0.0,2.28,0.0,2.28
Ireland,2002,0.02,2.27,0.02,2.27
Ireland,2003,0.03,2.27,0.03,2.27
Ireland,2004,0.03,2.45,0.03,2.45
Ireland,2005,0.03,2.48,0.03,2.48
Ireland,2006,0.03,2.42,0.03,2.42
Ireland,2007,0.03,2.45,0.03,2.45
Ireland,2008,0.03,2.3,0.03,2.3
Ireland,2009,0.03,2.27,0.03,2.27
Ireland,2010,0.04,2.45,0.04,2.45
Ireland,2011,0.04,2.43,0.04,2.43
Ireland,2012,0.04,2.36,0.04,2.36
Ireland,2013,0.03,2.43,0.03,2.43
Ireland,2014,0.02,2.33,0.02,2.33
Ireland,2015,0.02,1.83,0.02,1.83
Ireland,2016,0.02,1.85,0.02,1.85
Ireland,2017,0.01,1.7,0.01,1.7
Ireland,2018,0.01,1.53,0.01,1.53
Ireland,2019,0.01,1.39,0.01,1.39
Ireland,2020,0.0,1.18,0.0,1.18
Ireland,2021,0.0,1.11,0.0,1.11
Ireland,2022,0.0,0.85,0.0,0.85
Ireland,2023,0.0,0.96,0.0,0.96
Italy,1995,0.01,3.44,0.01,3.44
Italy,1996,0.04,3.34,0.04,3.34
Italy,1997,0.04,3.32,0.04,3.32
Italy,1998,0.05,3.22,0.05,3.22
Italy,1999,0.04,3.34,0.04,3.34
Italy,2000,0.04,3.03,0.04,3.03
Italy,2001,0.04,2.99,0.04,2.99
Italy,2002,0.03,2.91,0.03,2.91
Italy,2003,0.03,2.97,0.03,2.97
Italy,2004,0.03,2.82,0.03,2.82
Italy,2005,0.03,2.88,0.03,2.88
Italy,2006,0.03,2.86,0.03,2.86
Italy,2007,0.03,2.73,0.03,2.73
Italy,2008,0.03,2.6,0.03,2.6
Italy,2009,0.03,2.99,0.03,2.99
Italy,2010,0.03,2.92,0.03,2.92
Italy,2011,0.03,3.17,0.03,3.17
Italy,2012,0.03,3.54,0.03,3.54
Italy,2013,0.03,3.58,0.03,3.58
Italy,2014,0.03,3.8,0.03,3.8
Italy,2015,0.03,3.58,0.03,3.58
Italy,2016,0.03,3.63,0.03,3.63
Italy,2017,0.03,3.44,0.03,3.44
Italy,2018,0.03,3.38,0.03,3.38
Italy,2019,0.03,3.45,0.03,3.45
Italy,2020,0.03,3.25,0.03,3.25
Italy,2021,0.03,3.04,0.03,3.04
Italy,2022,0.03,2.27,0.03,2.27
Italy,2023,0.03,2.55,0.03,2.55
Latvia,1995,0.05,1.02,0.05,1.02
Latvia,1996,0.05,1.55,0.05,1.55
Latvia,1997,0.25,2.03,0.25,2.03
Latvia,1998,0.26,2.87,0.26,2.87
Latvia,1999,0.25,2.34,0.25,2.34
Latvia,2000,0.22,2.3,0.22,2.3
Latvia,2001,0.2,2.09,0.2,2.09
Latvia,2002,0.19,2.21,0.19,2.21
Latvia,2003,0.16,2.38,0.16,2.38
Latvia,2004,0.12,2.56,0.12,2.56
Latvia,2005,0.12,2.62,0.12,2.62
Latvia,2006,0.1,2.34,0.1,2.34
Latvia,2007,0.07,2.15,0.07,2.15
Latvia,2008,0.06,2.17,0.06,2.17
Latvia,2009,0.06,2.71,0.06,2.71
Latvia,2010,0.08,3.02,0.08,3.02
Latvia,2011,0.08,3.19,0.08,3.19
Latvia,2012,0.09,3.11,0.09,3.11
Latvia,2013,0.09,3.29,0.09,3.29
Latvia,2014,0.09,3.5,0.09,3.5
Latvia,2015,0.1,3.64,0.1,3.64
Latvia,2016,0.08,3.75,0.08,3.75
Latvia,2017,0.1,3.64,0.1,3.64
Latvia,2018,0.11,3.52,0.11,3.52
Latvia,2019,0.11,3.2,0.11,3.2
Latvia,2020,0.12,3.31,0.12,3.31
Latvia,2021,0.14,2.99,0.14,2.99
Latvia,2022,0.15,2.4,0.15,2.4
Latvia,2023,0.16,2.43,0.16,2.43
Lithuania,1995,0.04,1.86,0.04,1.86
Lithuania,1996,0.05,1.87,0.05,1.87
Lithuania,1997,0.05,2.13,0.05,2.13
Lithuania,1998,0.04,2.53,0.04,2.53
Lithuania,1999,0.12,2.93,0.12,2.93
Lithuania,2000,0.05,2.45,0.05,2.45
Lithuania,2001,0.07,2.56,0.07,2.56
Lithuania,2002,0.08,2.81,0.08,2.81
Lithuania,2003,0.07,2.77,0.07,2.77
Lithuania,2004,0.09,2.69,0.09,2.69
Lithuania,2005,0.08,2.29,0.08,2.29
Lithuania,2006,0.07,1.81,0.07,1.81
Lithuania,2007,0.06,1.75,0.06,1.75
Lithuania,2008,0.06,1.63,0.06,1.63
Lithuania,2009,0.07,2.01,0.07,2.01
Lithuania,2010,0.03,1.85,0.03,1.85
Lithuania,2011,0.05,1.7,0.05,1.7
Lithuania,2012,0.07,1.67,0.07,1.67
Lithuania,2013,0.1,1.73,0.1,1.73
Lithuania,2014,0.11,1.81,0.11,1.81
Lithuania,2015,0.14,1.89,0.14,1.89
Lithuania,2016,0.17,2.0,0.17,2.0
Lithuania,2017,0.15,1.96,0.15,1.96
Lithuania,2018,0.18,2.03,0.18,2.03
Lithuania,2019,0.26,2.03,0.26,2.03
Lithuania,2020,0.26,2.09,0.26,2.09
Lithuania,2021,0.25,1.99,0.25,1.99
Lithuania,2022,0.25,1.65,0.25,1.65
Lithuania,2023,0.27,1.61,0.27,1.61
Luxembourg,1995,0.0,2.93,0.0,2.93
Luxembourg,1996,0.0,2.87,0.0,2.87
Luxembourg,1997,0.0,2.8,0.0,2.8
Luxembourg,1998,0.0,2.81,0.0,2.81
Luxembourg,1999,0.0,2.71,0.0,2.71
Luxembourg,2000,0.0,2.65,0.0,2.65
Luxembourg,2001,0.0,2.66,0.0,2.66
Luxembourg,2002,0.0,2.65,0.0,2.65
Luxembourg,2003,0.0,2.74,0.0,2.74
Luxembourg,2004,0.0,2.97,0.0,2.97
Luxembourg,2005,0.0,2.94,0.0,2.94
Luxembourg,2006,0.0,2.61,0.0,2.61
Luxembourg,2007,0.0,2.53,0.0,2.53
Luxembourg,2008,0.0,2.46,0.0,2.46
Luxembourg,2009,0.0,2.38,0.0,2.38
Luxembourg,2010,0.01,2.26,0.01,2.26
Luxembourg,2011,0.01,2.3,0.01,2.3
Luxembourg,2012,0.02,2.23,0.02,2.23
Luxembourg,2013,0.01,2.05,0.01,2.05
Luxembourg,2014,0.01,1.89,0.01,1.89
Luxembourg,2015,0.03,1.76,0.03,1.76
Luxembourg,2016,0.02,1.66,0.02,1.66
Luxembourg,2017,0.02,1.64,0.02,1.64
Luxembourg,2018,0.02,1.69,0.02,1.69
Luxembourg,2019,0.02,1.74,0.02,1.74
Luxembourg,2020,0.01,1.38,0.01,1.38
Luxembourg,2021,0.01,1.46,0.01,1.46
Luxembourg,2022,0.01,1.23,0.01,1.23
Luxembourg,2023,0.01,1.28,0.01,1.28
Malta,1995,0.0,3.09,0.0,3.09
Malta,1996,0.0,2.94,0.0,2.94
Malta,1997,0.0,3.38,0.0,3.38
Malta,1998,0.0,3.73,0.0,3.73
Malta,1999,0.0,3.86,0.0,3.86
Malta,2000,0.0,3.55,0.0,3.55
Malta,2001,0.0,3.48,0.0,3.48
Malta,2002,0.0,3.2,0.0,3.2
Malta,2003,0.0,3.14,0.0,3.14
Malta,2004,0.02,2.81,0.02,2.81
Malta,2005,0.2,3.07,0.2,3.07
Malta,2006,0.22,3.19,0.22,3.19
Malta,2007,0.25,3.52,0.25,3.52
Malta,2008,0.27,3.2,0.27,3.2
Malta,2009,0.21,3.08,0.21,3.08
Malta,2010,0.15,2.78,0.15,2.78
Malta,2011,0.16,3.0,0.16,3.0
Malta,2012,0.13,2.75,0.13,2.75
Malta,2013,0.15,2.52,0.15,2.52
Malta,2014,0.18,2.69,0.18,2.69
Malta,2015,0.22,2.61,0.22,2.61
Malta,2016,0.18,2.57,0.18,2.57
Malta,2017,0.2,2.42,0.2,2.42
Malta,2018,0.21,2.33,0.21,2.33
Malta,2019,0.22,2.38,0.22,2.38
Malta,2020,0.22,2.05,0.22,2.05
Malta,2021,0.18,1.66,0.18,1.66
Malta,2022,0.17,1.57,0.17,1.57
Malta,2023,0.15,1.54,0.15,1.54
Netherlands,1995,0.49,3.23,0.49,3.23
Netherlands,1996,0.47,3.41,0.47,3.41
Netherlands,1997,0.46,3.33,0.46,3.33
Netherlands,1998,0.44,3.36,0.44,3.36
Netherlands,1999,0.44,3.48,0.44,3.48
Netherlands,2000,0.49,3.46,0.49,3.46
Netherlands,2001,0.47,3.55,0.47,3.55
Netherlands,2002,0.47,3.42,0.47,3.42
Netherlands,2003,0.47,3.5,0.47,3.5
Netherlands,2004,0.46,3.64,0.46,3.64
Netherlands,2005,0.46,3.75,0.46,3.75
Netherlands,2006,0.48,3.8,0.48,3.8
Netherlands,2007,0.46,3.57,0.46,3.57
Netherlands,2008,0.47,3.75,0.47,3.75
Netherlands,2009,0.48,3.8,0.48,3.8
Netherlands,2010,0.49,3.83,0.49,3.83
Netherlands,2011,0.48,3.74,0.48,3.74
Netherlands,2012,0.46,3.57,0.46,3.57
Netherlands,2013,0.45,3.62,0.45,3.62
Netherlands,2014,0.47,3.66,0.47,3.66
Netherlands,2015,0.47,3.66,0.47,3.66
Netherlands,2016,0.48,3.68,0.48,3.68
Netherlands,2017,0.47,3.64,0.47,3.64
Netherlands,2018,0.45,3.63,0.45,3.63
Netherlands,2019,0.46,3.61,0.46,3.61
Netherlands,2020,0.47,3.57,0.47,3.57
Netherlands,2021,0.45,3.43,0.45,3.43
Netherlands,2022,0.41,2.9,0.41,2.9
Netherlands,2023,0.41,2.81,0.41,2.81
Norway,1995,0.03,3.57,0.03,3.57
Norway,1996,0.02,3.61,0.02,3.61
Norway,1997,0.02,3.61,0.02,3.61
Norway,1998,0.03,3.61,0.03,3.61
Norway,1999,0.08,3.44,0.08,3.44
Norway,2000,0.08,3.09,0.08,3.09
Norway,2001,0.09,3.09,0.09,3.09
Norway,2002,0.09,3.19,0.09,3.19
Norway,2003,0.1,3.14,0.1,3.14
Norway,2004,0.09,3.08,0.09,3.08
Norway,2005,0.08,2.91,0.08,2.91
Norway,2006,0.1,2.86,0.1,2.86
Norway,2007,0.16,2.84,0.16,2.84
Norway,2008,0.12,2.59,0.12,2.59
Norway,2009,0.1,2.62,0.1,2.62
Norway,2010,0.08,2.64,0.08,2.64
Norway,2011,0.07,2.47,0.07,2.47
Norway,2012,0.06,2.32,0.06,2.32
Norway,2013,0.07,2.32,0.07,2.32
Norway,2014,0.07,2.31,0.07,2.31
Norway,2015,0.08,2.34,0.08,2.34
Norway,2016,0.08,2.4,0.08,2.4
Norway,2017,0.08,2.28,0.08,2.28
Norway,2018,0.08,2.18,0.08,2.18
Norway,2019,0.08,2.09,0.08,2.09
Norway,2020,0.09,2.0,0.09,2.0
Norway,2021,0.09,1.74,0.09,1.74
Norway,2022,0.08,1.31,0.08,1.31
Norway,2023,0.1,1.45,0.1,1.45
Poland,1995,0.39,1.77,0.39,1.77
Poland,1996,0.28,1.86,0.28,1.86
Poland,1997,0.24,1.76,0.24,1.76
Poland,1998,0.31,1.87,0.31,1.87
Poland,1999,0.21,2.09,0.21,2.09
Poland,2000,0.21,2.13,0.21,2.13
Poland,2001,0.18,2.15,0.18,2.15
Poland,2002,0.21,2.45,0.21,2.45
Poland,2003,0.18,2.49,0.18,2.49
Poland,2004,0.19,2.72,0.19,2.72
Poland,2005,0.14,2.68,0.14,2.68
Poland,2006,0.2,2.65,0.2,2.65
Poland,2007,0.2,2.74,0.2,2.74
Poland,2008,0.22,2.78,0.22,2.78
Poland,2009,0.23,2.66,0.23,2.66
Poland,2010,0.22,2.72,0.22,2.72
Poland,2011,0.21,2.64,0.21,2.64
Poland,2012,0.18,2.59,0.18,2.59
Poland,2013,0.09,2.44,0.09,2.44
Poland,2014,0.15,2.58,0.15,2.58
Poland,2015,0.17,2.64,0.17,2.64
Poland,2016,0.14,2.7,0.14,2.7
Poland,2017,0.12,2.67,0.12,2.67
Poland,2018,0.11,2.67,0.11,2.67
Poland,2019,0.11,2.52,0.11,2.52
Poland,2020,0.12,2.51,0.12,2.51
Poland,2021,0.09,2.87,0.09,2.87
Poland,2022,0.09,2.77,0.09,2.77
Poland,2023,0.09,2.56,0.09,2.56
Portugal,1995,0.0,3.35,0.0,3.35
Portugal,1996,0.0,3.39,0.0,3.39
Portugal,1997,0.0,3.17,0.0,3.17
Portugal,1998,0.0,3.34,0.0,3.34
Portugal,1999,0.0,3.24,0.0,3.24
Portugal,2000,0.0,2.6,0.0,2.6
Portugal,2001,0.0,2.83,0.0,2.83
Portugal,2002,0.0,2.99,0.0,2.99
Portugal,2003,0.0,2.95,0.0,2.95
Portugal,2004,0.0,2.95,0.0,2.95
Portugal,2005,0.01,2.89,0.01,2.89
Portugal,2006,0.01,2.79,0.01,2.79
Portugal,2007,0.01,2.75,0.01,2.75
Portugal,2008,0.01,2.5,0.01,2.5
Portugal,2009,0.01,2.44,0.01,2.44
Portugal,2010,0.02,2.42,0.02,2.42
Portugal,2011,0.02,2.32,0.02,2.32
Portugal,2012,0.02,2.19,0.02,2.19
Portugal,2013,0.02,2.19,0.02,2.19
Portugal,2014,0.02,2.28,0.02,2.28
Portugal,2015,0.02,2.41,0.02,2.41
Portugal,2016,0.02,2.6,0.02,2.6
Portugal,2017,0.02,2.57,0.02,2.57
Portugal,2018,0.02,2.51,0.02,2.51
Portugal,2019,0.02,2.54,0.02,2.54
Portugal,2020,0.02,2.37,0.02,2.37
Portugal,2021,0.02,2.32,0.02,2.32
Portugal,2022,0.03,1.91,0.03,1.91
Portugal,2023,0.04,2.01,0.04,2.01
Romania,1995,0.34,1.75,0.34,1.75
Romania,1996,0.35,1.74,0.35,1.74
Romania,1997,0.41,2.79,0.41,2.79
Romania,1998,0.45,3.05,0.45,3.05
Romania,1999,0.29,3.85,0.29,3.85
Romania,2000,0.34,3.4,0.34,3.4
Romania,2001,0.36,2.36,0.36,2.36
Romania,2002,0.31,2.12,0.31,2.12
Romania,2003,0.26,2.4,0.26,2.4
Romania,2004,0.14,2.38,0.14,2.38
Romania,2005,0.1,2.01,0.1,2.01
Romania,2006,0.08,1.94,0.08,1.94
Romania,2007,0.02,2.01,0.02,2.01
Romania,2008,0.01,1.7,0.01,1.7
Romania,2009,0.01,1.79,0.01,1.79
Romania,2010,0.01,2.07,0.01,2.07
Romania,2011,0.01,1.86,0.01,1.86
Romania,2012,0.01,1.91,0.01,1.91
Romania,2013,0.01,2.07,0.01,2.07
Romania,2014,0.01,2.38,0.01,2.38
Romania,2015,0.01,2.45,0.01,2.45
Romania,2016,0.01,2.44,0.01,2.44
Romania,2017,0.01,1.95,0.01,1.95
Romania,2018,0.0,1.96,0.0,1.96
Romania,2019,0.0,2.11,0.0,2.11
Romania,2020,0.0,1.9,0.0,1.9
Romania,2021,0.0,2.42,0.0,2.42
Romania,2022,0.0,3.49,0.0,3.49
Romania,2023,0.0,2.25,0.0,2.25
Slovakia,1995,0.06,2.41,0.06,2.41
Slovakia,1996,0.06,2.19,0.06,2.19
Slovakia,1997,0.05,2.12,0.05,2.12
Slovakia,1998,0.05,2.0,0.05,2.0
Slovakia,1999,0.04,2.06,0.04,2.06
Slovakia,2000,0.04,2.28,0.04,2.28
Slovakia,2001,0.04,2.01,0.04,2.01
Slovakia,2002,0.1,2.24,0.1,2.24
Slovakia,2003,0.1,2.47,0.1,2.47
Slovakia,2004,0.09,2.51,0.09,2.51
Slovakia,2005,0.09,2.41,0.09,2.41
Slovakia,2006,0.11,2.3,0.11,2.3
Slovakia,2007,0.11,2.13,0.11,2.13
Slovakia,2008,0.06,2.06,0.06,2.06
Slovakia,2009,0.06,1.97,0.06,1.97
Slovakia,2010,0.05,2.07,0.05,2.07
Slovakia,2011,0.05,2.41,0.05,2.41
Slovakia,2012,0.05,2.37,0.05,2.37
Slovakia,2013,0.04,2.51,0.04,2.51
Slovakia,2014,0.04,2.52,0.04,2.52
Slovakia,2015,0.04,2.49,0.04,2.49
Slovakia,2016,0.04,2.47,0.04,2.47
Slovakia,2017,0.03,2.53,0.03,2.53
Slovakia,2018,0.03,2.47,0.03,2.47
Slovakia,2019,0.03,2.5,0.03,2.5
Slovakia,2020,0.03,2.43,0.03,2.43
Slovakia,2021,0.03,2.34,0.03,2.34
Slovakia,2022,0.02,2.45,0.02,2.45
Slovakia,2023,0.02,2.0,0.02,2.0
Slovenia,1995,0.07,4.11,0.07,4.11
Slovenia,1996,0.04,4.28,0.04,4.28
Slovenia,1997,0.04,4.38,0.04,4.38
Slovenia,1998,0.05,4.92,0.05,4.92
Slovenia,1999,0.04,4.04,0.04,4.04
Slovenia,2000,0.06,2.82,0.06,2.82
Slovenia,2001,0.07,3.13,0.07,3.13
Slovenia,2002,0.16,3.18,0.16,3.18
Slovenia,2003,0.26,3.24,0.26,3.24
Slovenia,2004,0.22,3.26,0.22,3.26
Slovenia,2005,0.24,3.16,0.24,3.16
Slovenia,2006,0.19,2.96,0.19,2.96
Slovenia,2007,0.18,2.95,0.18,2.95
Slovenia,2008,0.16,2.94,0.16,2.94
Slovenia,2009,0.15,3.63,0.15,3.63
Slovenia,2010,0.16,3.9,0.16,3.9
Slovenia,2011,0.16,3.72,0.16,3.72
Slovenia,2012,0.16,4.0,0.16,4.0
Slovenia,2013,0.17,4.28,0.17,4.28
Slovenia,2014,0.16,4.24,0.16,4.24
Slovenia,2015,0.16,4.4,0.16,4.4
Slovenia,2016,0.15,4.43,0.15,4.43
Slovenia,2017,0.13,4.22,0.13,4.22
Slovenia,2018,0.12,3.94,0.12,3.94
Slovenia,2019,0.12,3.78,0.12,3.78
Slovenia,2020,0.12,3.37,0.12,3.37
Slovenia,2021,0.11,3.26,0.11,3.26
Slovenia,2022,0.1,2.92,0.1,2.92
Slovenia,2023,0.09,2.8,0.09,2.8
Spain,1995,0.01,2.12,0.01,2.12
Spain,1996,0.01,2.1,0.01,2.1
Spain,1997,0.01,2.05,0.01,2.05
Spain,1998,0.02,2.21,0.02,2.21
Spain,1999,0.02,2.25,0.02,2.25
Spain,2000,0.02,2.13,0.02,2.13
Spain,2001,0.02,2.02,0.02,2.02
Spain,2002,0.02,2.01,0.02,2.01
Spain,2003,0.02,2.0,0.02,2.0
Spain,2004,0.02,1.95,0.02,1.95
Spain,2005,0.02,1.9,0.02,1.9
Spain,2006,0.02,1.83,0.02,1.83
Spain,2007,0.02,1.77,0.02,1.77
Spain,2008,0.02,1.63,0.02,1.63
Spain,2009,0.02,1.62,0.02,1.62
Spain,2010,0.02,1.64,0.02,1.64
Spain,2011,0.02,1.58,0.02,1.58
Spain,2012,0.03,1.58,0.03,1.58
Spain,2013,0.08,1.91,0.08,1.91
Spain,2014,0.07,1.86,0.07,1.86
Spain,2015,0.08,1.92,0.08,1.92
Spain,2016,0.09,1.86,0.09,1.86
Spain,2017,0.09,1.83,0.09,1.83
Spain,2018,0.09,1.83,0.09,1.83
Spain,2019,0.09,1.76,0.09,1.76
Spain,2020,0.09,1.74,0.09,1.74
Spain,2021,0.09,1.72,0.09,1.72
Spain,2022,0.08,1.5,0.08,1.5
Spain,2023,0.14,1.64,0.14,1.64
Sweden,1995,0.06,2.59,0.06,2.59
Sweden,1996,0.08,2.91,0.08,2.91
Sweden,1997,0.07,2.77,0.07,2.77
Sweden,1998,0.06,2.8,0.06,2.8
Sweden,1999,0.06,2.68,0.06,2.68
Sweden,2000,0.1,2.6,0.1,2.6
Sweden,2001,0.09,2.62,0.09,2.62
Sweden,2002,0.09,2.68,0.09,2.68
Sweden,2003,0.09,2.74,0.09,2.74
Sweden,2004,0.08,2.71,0.08,2.71
Sweden,2005,0.07,2.76,0.07,2.76
Sweden,2006,0.06,2.66,0.06,2.66
Sweden,2007,0.06,2.56,0.06,2.56
Sweden,2008,0.05,2.65,0.05,2.65
Sweden,2009,0.04,2.77,0.04,2.77
Sweden,2010,0.04,2.68,0.04,2.68
Sweden,2011,0.04,2.45,0.04,2.45
Sweden,2012,0.03,2.41,0.03,2.41
Sweden,2013,0.03,2.33,0.03,2.33
Sweden,2014,0.03,2.19,0.03,2.19
Sweden,2015,0.03,2.17,0.03,2.17
Sweden,2016,0.03,2.23,0.03,2.23
Sweden,2017,0.04,2.14,0.04,2.14
Sweden,2018,0.05,2.1,0.05,2.1
Sweden,2019,0.05,2.06,0.05,2.06
Sweden,2020,0.06,2.0,0.06,2.0
Sweden,2021,0.06,1.9,0.06,1.9
Sweden,2022,0.06,1.93,0.06,1.93
Sweden,2023,0.05,2.01,0.05,2.01
Switzerland,1995,,,0.03,1.31
Switzerland,1996,,,0.03,1.31
Switzerland,1997,,,0.03,1.31
Switzerland,1998,,,0.03,1.31
Switzerland,1999,,,0.03,1.31
Switzerland,2000,,,0.03,1.31
Switzerland,2001,,,0.03,1.31
Switzerland,2002,,,0.03,1.31
Switzerland,2003,,,0.03,1.31
Switzerland,2004,,,0.03,1.31
Switzerland,2005,,,0.03,1.31
Switzerland,2006,,,0.03,1.31
Switzerland,2007,,,0.03,1.31
Switzerland,2008,0.03,1.31,0.03,1.31
Switzerland,2009,0.03,1.37,0.03,1.37
Switzerland,2010,0.03,1.39,0.03,1.39
Switzerland,2011,0.03,1.35,0.03,1.35
Switzerland,2012,0.03,1.34,0.03,1.34
Switzerland,2013,0.03,1.32,0.03,1.32
Switzerland,2014,0.03,1.33,0.03,1.33
Switzerland,2015,0.03,1.36,0.03,1.36
Switzerland,2016,0.02,1.38,0.02,1.38
Switzerland,2017,0.03,1.38,0.03,1.38
Switzerland,2018,0.03,1.4,0.03,1.4
Switzerland,2019,0.04,1.4,0.04,1.4
Switzerland,2020,0.05,1.39,0.05,1.39
Switzerland,2021,0.03,1.33,0.03,1.33
Switzerland,2022,0.03,1.26,0.03,1.26
Switzerland,2023,0.02,1.19,0.02,1.19
