country_name,year,recycling_rate_filled_glass,recycling_rate_filled_metallic,recycling_rate_filled_packaging,recycling_rate_filled_paper,recycling_rate_filled_plastic,recycling_rate_filled_wooden,recycling_rate_glass,recycling_rate_metallic,recycling_rate_packaging,recycling_rate_paper,recycling_rate_plastic,recycling_rate_wooden,flag_glass,flag_metallic,flag_packaging,flag_paper,flag_plastic,flag_wooden,gdp_per_capita,urban_population_pct,internet_users_pct,renewable_energy_pct,tourism_arrivals,population_total,manufacturing_value_added_pct_gdp,government_effectiveness_estimate,gdp_per_capita_filled,urban_population_pct_filled,internet_users_pct_filled,renewable_energy_pct_filled,tourism_arrivals_filled,population_total_filled,manufacturing_value_added_pct_gdp_filled,government_effectiveness_estimate_filled
Austria,2012,82.9,61.4,65.9,84.9,34.7,21.5,82.9,61.4,65.9,84.9,34.7,21.5,,,,,,,44221.4599530893,67.2085909812279,80.03,34.4,24151000.0,8429991.0,17.2564830895639,1.56018972396851,44221.4599530893,67.2085909812279,80.03,34.4,24151000.0,8429991.0,17.2564830895639,1.56018972396851
Austria,2013,84.8,87.5,66.6,84.3,34.4,20.3,84.8,87.5,66.6,84.3,34.4,20.3,,,,,,,43851.3675497404,67.2981308784247,80.6188,34.6,24813000.0,8479823.0,17.1063898788247,1.57137954235077,43851.3675497404,67.2981308784247,80.6188,34.6,24813000.0,8479823.0,17.1063898788247,1.57137954235077
Austria,2014,84.5,87.0,66.6,84.9,33.6,19.9,84.5,87.0,66.6,84.9,33.6,19.9,,,,,,,43838.8345892137,67.4154327591781,80.9958,35.7,25291000.0,8546356.0,17.1867790689422,1.5529956817627,43838.8345892137,67.4154327591781,80.9958,35.7,25291000.0,8546356.0,17.1867790689422,1.5529956817627
Austria,2015,85.6,87.2,67.1,84.9,33.6,18.1,85.6,87.2,67.1,84.9,33.6,18.1,,,,,,,43915.228020857,67.5576175537383,83.9401,34.8,26728000.0,8642699.0,17.242928730216,1.4509791135788,43915.228020857,67.5576175537383,83.9401,34.8,26728000.0,8642699.0,17.242928730216,1.4509791135788
Austria,2016,85.2,88.3,66.8,84.9,33.6,17.7,85.2,88.3,66.8,84.9,33.6,17.7,,,,,,,44362.6702805116,67.7218061923556,84.3237,34.6,28121000.0,8736668.0,17.6682251530651,1.47481060028076,44362.6702805116,67.7218061923556,84.3237,34.6,28121000.0,8736668.0,17.6682251530651,1.47481060028076
Austria,2017,84.1,85.6,65.6,83.5,33.4,19.9,84.1,85.6,65.6,83.5,33.4,19.9,,,,,,,45056.6385912412,67.9051196052802,87.9356,34.0,29460000.0,8797566.0,17.4427051605451,1.46775150299072,45056.6385912412,67.9051196052802,87.9356,34.0,29460000.0,8797566.0,17.4427051605451,1.46775150299072
Austria,2018,83.9,84.4,65.5,84.2,31.9,20.6,83.9,84.4,65.5,84.2,31.9,20.6,,,,,,,45951.5819164034,68.1046787227623,87.4791,34.1,30816000.0,8840521.0,17.3211161045372,1.45611667633057,45951.5819164034,68.1046787227623,87.4791,34.1,30816000.0,8840521.0,17.3211161045372,1.45611667633057
Austria,2019,81.1,84.7,65.4,84.7,30.8,20.5,81.1,84.7,65.4,84.7,30.8,20.5,,,,,,,46550.5622459492,68.3176044750522,87.7522,34.0,31884000.0,8879920.0,17.1022858668807,1.49212622642517,46550.5622459492,68.3176044750522,87.7522,34.0,31884000.0,8879920.0,17.1022858668807,1.49212622642517
Austria,2020,81.6,66.1,63.7,80.0,25.3,29.6,81.6,66.1,63.7,80.0,25.3,29.6,,b,,,b,,43428.6983137234,68.5410177924001,87.5294,35.8,15091000.0,8916864.0,16.5973264696294,1.60586321353912,43428.6983137234,68.5410177924001,87.5294,35.8,15091000.0,8916864.0,16.5973264696294,1.60586321353912
Austria,2021,82.3,73.9,65.6,81.0,25.9,37.0,82.3,73.9,65.6,81.0,25.9,37.0,,,,,,,45368.6434337368,68.773601700253,92.5292,36.0,,8955797.0,16.9794494072387,1.52829468250275,45368.6434337368,68.773601700253,92.5292,36.0,15091000.0,8955797.0,16.9794494072387,1.52829468250275
Austria,2022,86.3,74.6,66.2,80.5,25.4,31.6,86.3,74.6,66.2,80.5,25.4,31.6,,,,,,,47332.4240357971,68.998085127906,93.6141,,,9041851.0,16.6515788411782,1.46492278575897,47332.4240357971,68.998085127906,93.6141,36.0,15091000.0,9041851.0,16.6515788411782,1.46492278575897
Austria,2023,79.3,83.3,64.9,79.6,26.9,35.8,79.3,83.3,64.9,79.6,26.9,35.8,,,,,,,46497.9114640341,69.2265358276021,95.3347,,,9131761.0,15.9413915270403,1.32668149471283,46497.9114640341,69.2265358276021,95.3347,36.0,15091000.0,9131761.0,15.9413915270403,1.32668149471283
Belgium,2012,100.0,97.3,80.3,89.8,41.5,66.1,100.0,97.3,80.3,89.8,41.5,66.1,,,,,,,40074.492800399,85.4915403816388,80.72,7.7,7560000.0,11106932.0,12.6215764552248,1.67117416858673,40074.492800399,85.4915403816388,80.72,7.7,7560000.0,11106932.0,12.6215764552248,1.67117416858673
Belgium,2013,100.0,97.0,78.7,89.1,39.0,59.0,100.0,97.0,78.7,89.1,39.0,59.0,,,,,,,40007.8997891411,85.7415410247275,82.1702,8.3,7684000.0,11159407.0,12.6643780300003,1.70195496082306,40007.8997891411,85.7415410247275,82.1702,8.3,7684000.0,11159407.0,12.6643780300003,1.70195496082306
Belgium,2014,100.0,98.2,81.3,90.6,41.8,72.2,100.0,98.2,81.3,90.6,41.8,72.2,,,,,,,40533.9135027898,85.9848336685807,85.0012,9.1,7887000.0,11209057.0,12.5837894914118,1.51735270023346,40533.9135027898,85.9848336685807,85.0012,9.1,7887000.0,11209057.0,12.5837894914118,1.51735270023346
Belgium,2015,100.0,98.1,81.5,90.7,42.6,74.9,100.0,98.1,81.5,90.7,42.6,74.9,,,,,,,40893.804537772,86.2212893480444,85.0529,9.4,8355000.0,11274196.0,12.5677314710087,1.52944529056549,40893.804537772,86.2212893480444,85.0529,9.4,8355000.0,11274196.0,12.5677314710087,1.52944529056549
Belgium,2016,100.0,98.3,81.9,89.4,43.4,80.9,100.0,98.3,81.9,89.4,43.4,80.9,,,,,,,41172.8862831209,86.4507790979645,86.5165,9.2,7481000.0,11331422.0,12.2484083375363,1.39763832092285,41172.8862831209,86.4507790979645,86.5165,9.2,7481000.0,11331422.0,12.2484083375363,1.39763832092285
Belgium,2017,100.0,98.5,83.8,92.9,44.5,83.7,100.0,98.5,83.8,92.9,44.5,83.7,,,,,,,41619.328629169,86.6731739531869,87.6797,9.7,8385000.0,11375158.0,12.4458285747277,1.24078404903412,41619.328629169,86.6731739531869,87.6797,9.7,8385000.0,11375158.0,12.4458285747277,1.24078404903412
Belgium,2018,100.0,98.2,85.3,95.6,42.4,90.6,100.0,98.2,85.3,95.6,42.4,90.6,,,,,,,42208.3625650272,86.8883449485575,88.6473,10.7,9119000.0,11427054.0,12.343919956787,1.22463178634644,42208.3625650272,86.8883449485575,88.6473,10.7,9119000.0,11427054.0,12.343919956787,1.22463178634644
Belgium,2019,100.0,95.0,83.5,92.3,47.3,80.5,100.0,95.0,83.5,92.3,47.3,80.5,,,,,,,43006.4042308863,87.0961631189222,90.2754,10.2,9343000.0,11488980.0,12.413251241175,1.11331832408905,43006.4042308863,87.0961631189222,90.2754,10.2,9343000.0,11488980.0,12.413251241175,1.11331832408905
Belgium,2020,96.9,96.2,79.7,89.4,44.7,71.6,96.9,96.2,79.7,89.4,44.7,71.6,,,,,,,40769.0218072962,87.2964994991269,91.5264,12.3,2584000.0,11538604.0,12.0120090332978,1.07823526859283,40769.0218072962,87.2964994991269,91.5264,12.3,2584000.0,11538604.0,12.0120090332978,1.07823526859283
Belgium,2021,97.5,96.6,80.4,88.6,49.2,71.8,97.5,96.6,80.4,88.6,49.2,71.8,,,,,,,43140.9676652971,87.4305564090635,92.7887,11.7,,11586195.0,10.744807994195,1.08557260036469,43140.9676652971,87.4305564090635,92.7887,11.7,2584000.0,11586195.0,10.744807994195,1.08557260036469
Belgium,2022,97.8,96.4,80.4,86.1,54.2,70.6,97.8,96.4,80.4,86.1,54.2,70.6,,,,,,,44486.7438563594,87.489200269855,94.0078,,,11680210.0,12.5330054331918,1.22718644142151,44486.7438563594,87.489200269855,94.0078,11.7,2584000.0,11680210.0,12.5330054331918,1.22718644142151
Belgium,2023,92.9,96.8,79.7,83.9,59.5,69.2,92.9,96.8,79.7,83.9,59.5,69.2,,,,,,,44866.1935177304,87.551492636772,94.6263,,,11779946.0,11.9630536593156,1.03702199459076,44866.1935177304,87.551492636772,94.6263,11.7,2584000.0,11779946.0,11.9630536593156,1.03702199459076
Croatia,2012,62.8,12.5,59.7,96.1,45.4,0.4,62.8,12.5,59.7,96.1,45.4,0.4,,,,,,,11780.4742767284,55.3042888624873,61.94,29.4,47185000.0,4260368.0,13.5158415140293,0.675028204917908,11780.4742767284,55.3042888624873,61.94,29.4,47185000.0,4260368.0,13.5158415140293,0.675028204917908
Croatia,2013,65.4,12.2,58.8,88.2,45.3,1.9,65.4,12.2,58.8,88.2,45.3,1.9,,,,,,,11838.2152450357,55.3659479687433,66.7476,32.8,48345000.0,4233922.0,12.6097381934839,0.675364792346954,11838.2152450357,55.3659479687433,66.7476,32.8,48345000.0,4233922.0,12.6097381934839,0.675364792346954
Croatia,2014,63.5,11.6,52.7,76.9,37.7,0.4,63.5,11.6,52.7,76.9,37.7,0.4,,,,,,,11862.7609491821,55.4591834926844,68.5679,33.6,51168000.0,4201598.0,12.7322305007573,0.676334917545319,11862.7609491821,55.4591834926844,68.5679,33.6,51168000.0,4201598.0,12.7322305007573,0.676334917545319
Croatia,2015,65.2,13.9,60.1,89.4,46.3,3.1,65.2,13.9,60.1,89.4,46.3,3.1,,,,,,,12283.7840620053,55.5812594509004,69.845,33.1,55858000.0,4151725.0,12.737729102445,0.457353413105011,12283.7840620053,55.5812594509004,69.845,33.1,55858000.0,4151725.0,12.737729102445,0.457353413105011
Croatia,2016,56.4,16.4,54.7,82.5,41.1,3.0,56.4,16.4,54.7,82.5,41.1,3.0,,,,,,,12848.419539107,55.7294398599808,72.6973,31.8,57587000.0,4106867.0,12.875936078838,0.422308266162872,12848.419539107,55.7294398599808,72.6973,31.8,57587000.0,4106867.0,12.875936078838,0.422308266162872
Croatia,2017,57.0,16.5,53.3,83.7,37.3,2.9,57.0,16.5,53.3,83.7,37.3,2.9,,,,,,,13485.3012514274,55.9009887365155,67.0962,29.8,59238000.0,4041407.0,12.7601289486923,0.535491704940796,13485.3012514274,55.9009887365155,67.0962,29.8,59238000.0,4041407.0,12.7601289486923,0.535491704940796
Croatia,2018,60.5,20.5,58.4,93.7,37.3,3.8,60.5,20.5,58.4,93.7,37.3,3.8,,,,,,,14060.9874833125,56.093170097094,75.2946,32.8,57668000.0,3988775.0,12.2988356655789,0.513932764530182,14060.9874833125,56.093170097094,75.2946,32.8,57668000.0,3988775.0,12.2988356655789,0.513932764530182
Croatia,2019,51.3,18.7,48.9,74.2,35.7,2.9,51.3,18.7,48.9,74.2,35.7,2.9,,,,,,,14641.663970693,56.303247958306,79.0798,31.6,60021000.0,3949390.0,11.9942111464481,0.456785351037979,14641.663970693,56.303247958306,79.0798,31.6,60021000.0,3949390.0,11.9942111464481,0.456785351037979
Croatia,2020,54.2,17.5,54.2,90.4,34.1,4.3,54.2,17.5,54.2,90.4,34.1,4.3,,,,,,,13545.4881162417,56.5284863367411,78.3209,32.4,21608000.0,3914206.0,12.1562561989451,0.424775809049606,13545.4881162417,56.5284863367411,78.3209,32.4,21608000.0,3914206.0,12.1562561989451,0.424775809049606
Croatia,2021,56.8,24.6,51.7,74.4,34.4,17.2,56.8,24.6,51.7,74.4,34.4,17.2,,,,,,,15395.1287782758,56.7683502560171,81.254,34.1,,3878981.0,11.6578439247064,0.552374601364136,15395.1287782758,56.7683502560171,81.254,34.1,21608000.0,3878981.0,11.6578439247064,0.552374601364136
Croatia,2022,62.5,19.2,52.4,64.6,34.9,42.6,62.5,19.2,52.4,64.6,34.9,42.6,,,,,,,16618.1111874724,56.9977571733605,82.0716,,,3855641.0,12.2751021543013,0.581313610076904,16618.1111874724,56.9977571733605,82.0716,34.1,21608000.0,3855641.0,12.2751021543013,0.581313610076904
Croatia,2023,53.2,17.9,51.9,77.4,28.2,29.6,53.2,17.9,51.9,77.4,28.2,29.6,p,p,p,p,p,p,17225.154484029,57.2431560672198,83.2412,,,3859686.0,12.2246961242264,0.712653696537018,17225.154484029,57.2431560672198,83.2412,34.1,21608000.0,3859686.0,12.2246961242264,0.712653696537018
Cyprus,2012,32.4,98.7,55.3,88.9,44.8,6.2,32.4,98.7,55.3,88.9,44.8,6.2,e,e,e,e,e,e,24285.49609375,67.3010289148738,60.6899,8.6,2635000.0,1165397.0,4.18997390765357,1.38360106945038,24285.49609375,67.3010289148738,60.6899,8.6,2635000.0,1165397.0,4.18997390765357,1.38360106945038
Cyprus,2013,32.1,70.7,56.6,97.3,45.3,12.0,32.1,70.7,56.6,97.3,45.3,12.0,,,,,,,22711.71875,67.2102333625375,65.4548,9.7,2626000.0,1183895.0,3.88480353979907,1.35990357398987,22711.71875,67.2102333625375,65.4548,9.7,2626000.0,1183895.0,3.88480353979907,1.35990357398987
Cyprus,2014,32.2,97.4,58.7,96.7,46.6,11.5,32.2,97.4,58.7,96.7,46.6,11.5,,,,,,,22373.578125,67.1230558819804,69.3287,9.5,2558000.0,1201801.0,4.07749354093701,1.13519954681396,22373.578125,67.1230558819804,69.3287,9.5,2558000.0,1201801.0,4.07749354093701,1.13519954681396
Cyprus,2015,33.2,72.3,59.8,96.6,63.7,9.2,33.2,72.3,59.8,96.6,63.7,9.2,,,,,,,23088.44140625,67.0402477918073,71.7157,10.4,2780000.0,1219502.0,4.26012306069838,1.0175507068634,23088.44140625,67.0402477918073,71.7157,10.4,2780000.0,1219502.0,4.26012306069838,1.0175507068634
Cyprus,2016,39.4,84.1,64.6,99.7,62.3,10.0,39.4,84.1,64.6,99.7,62.3,10.0,,,,,,,24477.986328125,66.9625604106231,75.9002,10.3,3286000.0,1237112.0,4.57051335723455,0.926266729831696,24477.986328125,66.9625604106231,75.9002,10.3,3286000.0,1237112.0,4.57051335723455,0.926266729831696
Cyprus,2017,42.4,119.8,66.2,93.3,65.0,8.5,42.4,119.8,66.2,93.3,65.0,8.5,,,,,,,25666.00390625,66.8907450570326,80.7432,10.9,3750000.0,1254275.0,4.89209027649162,0.88537871837616,25666.00390625,66.8907450570326,80.7432,10.9,3750000.0,1254275.0,4.89209027649162,0.88537871837616
Cyprus,2018,46.3,117.5,70.2,97.9,54.3,9.6,46.3,117.5,70.2,97.9,54.3,9.6,e,e,,e,e,e,26962.40625,66.8255530496405,84.4336,12.0,4024000.0,1270737.0,5.29758788521149,0.883620500564575,26962.40625,66.8255530496405,84.4336,12.0,4024000.0,1270737.0,5.29758788521149,0.883620500564575
Cyprus,2019,45.3,129.3,66.8,99.5,50.5,24.0,45.3,129.3,66.8,99.5,50.5,24.0,e,e,,e,e,e,28167.16015625,66.7677357070518,86.0636,12.0,4117000.0,1286671.0,5.40632833314545,0.955758094787598,28167.16015625,66.7677357070518,86.0636,12.0,4117000.0,1286671.0,5.40632833314545,0.955758094787598
Cyprus,2020,34.8,172.5,59.9,82.9,48.6,20.9,34.8,172.5,59.9,82.9,48.6,20.9,e,e,e,e,e,e,26895.68359375,66.7180443478713,90.8019,15.0,,1302247.0,5.63141765322206,0.839448511600494,26895.68359375,66.7180443478713,90.8019,15.0,4117000.0,1302247.0,5.63141765322206,0.839448511600494
Cyprus,2021,44.1,138.1,58.7,75.8,37.9,20.5,44.1,138.1,58.7,75.8,37.9,20.5,be,be,be,be,be,be,29517.072265625,66.6718365394971,90.7595,15.6,,1317309.0,4.98803207350562,0.697915256023407,29517.072265625,66.6718365394971,90.7595,15.6,4117000.0,1317309.0,4.98803207350562,0.697915256023407
Cyprus,2022,43.3,137.4,69.5,109.8,39.1,20.6,43.3,137.4,69.5,109.8,39.1,20.6,be,be,be,be,be,be,31370.55078125,66.6694829407584,89.601,,,1331370.0,4.29843767661889,0.730335235595703,31370.55078125,66.6694829407584,89.601,15.6,4117000.0,1331370.0,4.29843767661889,0.730335235595703
Cyprus,2023,43.3,137.4,69.5,109.8,39.1,20.6,,,,,,,,,,,,,31884.84375,66.6739477522639,91.2211,,,1344976.0,4.64273807378768,0.73773992061615,31884.84375,66.6739477522639,91.2211,15.6,4117000.0,1344976.0,4.64273807378768,0.73773992061615
Czechia,2012,81.1,69.2,69.9,85.9,58.2,25.7,81.1,69.2,69.9,85.9,58.2,25.7,,,,,,,16772.3539223328,73.2249239592898,73.43,12.8,25750000.0,10510785.0,21.7136033387837,0.921718597412109,16772.3539223328,73.2249239592898,73.43,12.8,25750000.0,10510785.0,21.7136033387837,0.921718597412109
Czechia,2013,75.0,58.5,69.9,87.6,59.7,35.6,75.0,58.5,69.9,87.6,59.7,35.6,,,,,,,16759.7808635642,73.1622186934979,74.1104,13.9,26332000.0,10514272.0,21.7617319791193,0.915809273719788,16759.7808635642,73.1622186934979,74.1104,13.9,26332000.0,10514272.0,21.7617319791193,0.915809273719788
Czechia,2014,71.6,65.0,73.0,88.6,58.2,66.1,71.6,65.0,73.0,88.6,58.2,66.1,,,,,,,17118.0425571578,73.0995921041469,74.2317,14.8,27166000.0,10525347.0,23.4691665652122,1.03113341331482,17118.0425571578,73.0995921041469,74.2317,14.8,27166000.0,10525347.0,23.4691665652122,1.03113341331482
Czechia,2015,72.6,58.6,74.3,90.1,61.7,68.7,72.6,58.6,74.3,90.1,61.7,68.7,,,,,,,17931.5987670768,73.0370442874355,75.6688,14.8,29604000.0,10546059.0,23.7339506123741,1.02559614181519,17931.5987670768,73.0370442874355,75.6688,14.8,29604000.0,10546059.0,23.7339506123741,1.02559614181519
Czechia,2016,72.8,63.4,75.3,93.7,59.2,63.9,72.8,63.4,75.3,93.7,59.2,63.9,,,,,,,18359.0978103904,72.9745753395623,76.4812,14.8,32519000.0,10566332.0,23.7610958428917,1.00811576843262,18359.0978103904,72.9745753395623,76.4812,14.8,32519000.0,10566332.0,23.7610958428917,1.00811576843262
Czechia,2017,72.3,67.8,72.3,90.2,58.6,49.3,72.3,67.8,72.3,90.2,58.6,49.3,,,,,,,19257.6930680911,72.9121853567256,78.7192,14.5,34701000.0,10594438.0,23.1824532218752,1.03059422969818,19257.6930680911,72.9121853567256,78.7192,14.5,34701000.0,10594438.0,23.1824532218752,1.03059422969818
Czechia,2018,74.8,67.6,69.6,85.6,57.0,45.0,74.8,67.6,69.6,85.6,57.0,45.0,,,,,,,19736.6295261285,72.8498744351241,80.6882,14.7,36268000.0,10629928.0,22.3060378872535,0.951154172420502,19736.6295261285,72.8498744351241,80.6882,14.7,36268000.0,10629928.0,22.3060378872535,0.951154172420502
Czechia,2019,76.4,65.0,71.2,88.2,61.0,42.3,76.4,65.0,71.2,88.2,61.0,42.3,,,,,,,20360.0599221814,72.7876426709563,80.8669,15.9,37202000.0,10671870.0,22.1266766165116,0.919642746448517,20360.0599221814,72.7876426709563,80.8669,15.9,37202000.0,10671870.0,22.1266766165116,0.919642746448517
Czechia,2020,83.6,73.2,67.9,87.5,41.8,34.8,83.6,73.2,67.9,87.5,41.8,34.8,bd,bd,bd,bd,bd,bd,19233.1469549829,72.7254901604208,81.3389,17.0,,10697858.0,20.7968233716829,0.910964906215668,19233.1469549829,72.7254901604208,81.3389,17.0,37202000.0,10697858.0,20.7968233716829,0.910964906215668
Czechia,2021,81.4,67.4,69.1,88.4,45.1,38.3,81.4,67.4,69.1,88.4,45.1,38.3,d,d,d,d,d,d,20373.8783043424,72.6810594374316,82.6706,17.2,,10505772.0,19.640981617073,1.06974017620087,20373.8783043424,72.6810594374316,82.6706,17.2,37202000.0,10505772.0,19.640981617073,1.06974017620087
Czechia,2022,84.6,58.7,70.8,91.2,47.2,36.3,84.6,58.7,70.8,91.2,47.2,36.3,bd,bd,bd,bd,bd,bd,20627.348651011,72.6967638379524,84.5401,,,10672118.0,19.3950613571424,1.09341883659363,20627.348651011,72.6967638379524,84.5401,17.2,37202000.0,10672118.0,19.3950613571424,1.09341883659363
Czechia,2023,77.6,71.4,74.8,97.9,52.4,38.3,77.6,71.4,74.8,97.9,52.4,38.3,p,p,p,p,p,p,20272.5874017334,72.7352388396817,85.994,,,10864042.0,20.4330612801752,1.1140114068985,20272.5874017334,72.7352388396817,85.994,17.2,37202000.0,10864042.0,20.4330612801752,1.1140114068985
Denmark,2012,93.6,51.8,61.6,76.5,25.9,40.4,93.6,51.8,61.6,76.5,25.9,40.4,e,e,e,,,,51470.689845427,87.2336196899414,92.26,26.9,26402000.0,5591572.0,11.208563455152,1.98699104785919,51470.689845427,87.2336196899414,92.26,26.9,26402000.0,5591572.0,11.208563455152,1.98699104785919
Denmark,2013,93.0,57.0,69.8,85.4,29.1,66.4,93.0,57.0,69.8,85.4,29.1,66.4,,,,,,,51970.3909324806,87.5436524760432,94.6297,27.0,26516000.0,5614932.0,11.7998537089519,1.94326293468475,51970.3909324806,87.5436524760432,94.6297,27.0,26516000.0,5614932.0,11.7998537089519,1.94326293468475
Denmark,2014,83.6,71.3,69.8,91.8,30.7,52.5,83.6,71.3,69.8,91.8,30.7,52.5,,,,,,,52368.3625969272,87.6823985731907,95.9935,30.2,28070000.0,5643475.0,11.8293905304366,1.78492867946625,52368.3625969272,87.6823985731907,95.9935,30.2,28070000.0,5643475.0,11.8293905304366,1.78492867946625
Denmark,2015,79.5,71.9,73.9,95.3,30.5,75.9,79.5,71.9,73.9,95.3,30.5,75.9,,,,,,,53094.0133607574,87.7254056577329,96.3305,32.5,28209000.0,5683483.0,12.484534308925,1.79474246501923,53094.0133607574,87.7254056577329,96.3305,32.5,28209000.0,5683483.0,12.484534308925,1.79474246501923
Denmark,2016,85.0,87.7,79.0,97.7,36.1,87.3,85.0,87.7,79.0,97.7,36.1,87.3,,,,,,,54300.2039621991,87.6999969482422,96.9678,32.0,28692000.0,5728010.0,12.9401692109791,1.82117700576782,54300.2039621991,87.6999969482422,96.9678,32.0,28692000.0,5728010.0,12.9401692109791,1.82117700576782
Denmark,2017,94.9,73.2,71.5,81.9,41.8,59.4,94.9,73.2,71.5,81.9,41.8,59.4,,,,,,,55601.0145717787,88.0161943799509,97.0994,35.0,30736000.0,5764980.0,13.0145483841175,1.74683058261871,55601.0145717787,88.0161943799509,97.0994,35.0,30736000.0,5764980.0,13.0145483841175,1.74683058261871
Denmark,2018,82.4,80.0,70.1,99.7,31.3,45.7,82.4,80.0,70.1,99.7,31.3,45.7,,,,,,,56355.0733084714,88.1059762310689,97.3192,34.6,30801000.0,5793636.0,13.0043275494945,1.81060206890106,56355.0733084714,88.1059762310689,97.3192,34.6,30801000.0,5793636.0,13.0043275494945,1.81060206890106
Denmark,2019,71.1,61.3,69.3,99.7,37.4,46.7,71.1,61.3,69.3,99.7,37.4,46.7,,,,,,,57114.6227336347,88.2096490810669,98.0464,37.2,33093000.0,5814422.0,13.4024278659202,1.87326776981354,57114.6227336347,88.2096490810669,98.0464,37.2,33093000.0,5814422.0,13.4024278659202,1.87326776981354
Denmark,2020,84.3,70.0,64.0,69.3,22.9,90.7,84.3,70.0,64.0,69.3,22.9,90.7,b,,,b,b,b,55934.5555945523,88.2394485473632,96.5491,39.5,15595000.0,5831404.0,12.8371087335606,1.8400673866272,55934.5555945523,88.2394485473632,96.5491,39.5,15595000.0,5831404.0,12.8371087335606,1.8400673866272
Denmark,2021,84.5,65.7,64.7,71.2,20.8,87.6,84.5,65.7,64.7,71.2,20.8,87.6,,,,,,,59312.8158043771,88.2616449318149,98.8659,39.5,,5856733.0,12.5543797574878,1.95973408222198,59312.8158043771,88.2616449318149,98.8659,39.5,15595000.0,5856733.0,12.5543797574878,1.95973408222198
Denmark,2022,67.7,66.4,62.2,71.9,24.5,86.8,67.7,66.4,62.2,71.9,24.5,86.8,b,,,b,,,59108.7449374068,88.3880239837703,97.8601,,,5903037.0,12.8241154699449,1.9901350736618,59108.7449374068,88.3880239837703,97.8601,39.5,15595000.0,5903037.0,12.8241154699449,1.9901350736618
Denmark,2023,68.9,68.4,62.7,71.8,27.8,87.3,68.9,68.4,62.7,71.8,27.8,87.3,b,,,b,b,,59026.9843650999,88.552638542867,98.7756,,,5946952.0,16.3542735783544,2.01564884185791,59026.9843650999,88.552638542867,98.7756,39.5,15595000.0,5946952.0,16.3542735783544,2.01564884185791
Estonia,2012,70.7,65.3,61.3,77.2,29.8,59.7,70.7,65.3,61.3,77.2,29.8,59.7,e,e,,e,e,,16460.6843479001,67.9629593320316,78.3899,25.0,5007000.0,1322696.0,13.8770730242275,0.945922076702118,16460.6843479001,67.9629593320316,78.3899,25.0,5007000.0,1322696.0,13.8770730242275,0.945922076702118
Estonia,2013,71.5,58.4,58.4,75.5,28.1,66.3,71.5,58.4,58.4,75.5,28.1,66.3,,,,,,,16809.5326683781,68.0923458296768,80.0043,24.5,5737000.0,1317997.0,13.5540034976357,0.966788172721863,16809.5326683781,68.0923458296768,80.0043,24.5,5737000.0,1317997.0,13.5540034976357,0.966788172721863
Estonia,2014,72.8,78.0,60.3,74.2,29.3,62.0,72.8,78.0,60.3,74.2,29.3,62.0,,,,,,,17413.6867560212,68.2668382808032,84.2415,25.3,5804000.0,1314545.0,13.9610951419012,1.01121234893799,17413.6867560212,68.2668382808032,84.2415,25.3,5804000.0,1314545.0,13.9610951419012,1.01121234893799
Estonia,2015,62.1,68.4,59.0,76.3,27.8,66.1,62.1,68.4,59.0,76.3,27.8,66.1,,,,,,,17722.1557669523,68.4796609690553,88.4097,28.2,5696000.0,1315407.0,13.6547460994623,1.03593826293945,17722.1557669523,68.4796609690553,88.4097,28.2,5696000.0,1315407.0,13.6547460994623,1.03593826293945
Estonia,2016,63.4,66.1,56.0,79.0,24.6,32.5,63.4,66.1,56.0,79.0,24.6,32.5,,,,,,,18264.9873304279,68.724038178078,87.2402,27.2,5942000.0,1315790.0,13.6104762733574,1.05459797382355,18264.9873304279,68.724038178078,87.2402,27.2,5942000.0,1315790.0,13.6104762733574,1.05459797382355
Estonia,2017,61.0,67.7,53.5,76.9,26.5,16.4,61.0,67.7,53.5,76.9,26.5,16.4,,,,,,,19270.8141210511,68.9931941915158,88.1025,27.5,6145000.0,1317384.0,13.3408912828564,1.07229030132294,19270.8141210511,68.9931941915158,88.1025,27.5,6145000.0,1317384.0,13.3408912828564,1.07229030132294
Estonia,2018,65.4,81.7,60.4,86.1,37.7,20.3,65.4,81.7,60.4,86.1,37.7,20.3,,,,,,,19914.3454922878,69.2803532930133,89.357,28.6,6033000.0,1321977.0,13.2138423128235,1.15055811405182,19914.3454922878,69.2803532930133,89.357,28.6,6033000.0,1321977.0,13.2138423128235,1.15055811405182
Estonia,2019,105.0,102.1,66.2,85.9,40.6,14.7,105.0,102.1,66.2,85.9,40.6,14.7,b,b,b,b,b,b,20579.8756732376,69.5787397662154,90.2289,31.3,6103000.0,1326898.0,12.8803241268467,1.13976681232452,20579.8756732376,69.5787397662154,90.2289,31.3,6103000.0,1326898.0,12.8803241268467,1.13976681232452
Estonia,2020,77.8,99.5,71.4,93.3,40.9,39.3,77.8,99.5,71.4,93.3,40.9,39.3,,,,,,,19946.945696898,69.8815778947665,89.0583,40.4,1695000.0,1329522.0,12.5917858133422,1.29900670051575,19946.945696898,69.8815778947665,89.0583,40.4,1695000.0,1329522.0,12.5917858133422,1.29900670051575
Estonia,2021,80.1,100.3,70.4,89.7,42.5,31.2,80.1,100.3,70.4,89.7,42.5,31.2,,,,,,,21570.6658455268,70.1777274135822,90.9797,38.0,,1330932.0,13.0310279238311,1.34329342842102,21570.6658455268,70.1777274135822,90.9797,38.0,1695000.0,1330932.0,13.0310279238311,1.34329342842102
Estonia,2022,76.6,117.3,73.0,93.8,44.3,37.0,76.6,117.3,73.0,93.8,44.3,37.0,,,,,,,21023.2994937246,70.4892333736738,91.5202,,,1348840.0,11.9959443459942,1.34263217449188,21023.2994937246,70.4892333736738,91.5202,38.0,1695000.0,1348840.0,11.9959443459942,1.34263217449188
Estonia,2023,68.0,95.3,68.5,90.6,42.4,32.0,68.0,95.3,68.5,90.6,42.4,32.0,,,,,,,20126.3730486957,70.6770085523126,93.1834,,,1370286.0,11.4121180604126,1.2634699344635,20126.3730486957,70.6770085523126,93.1834,38.0,1695000.0,1370286.0,11.4121180604126,1.2634699344635
Finland,2012,77.6,85.3,59.3,99.2,25.4,16.9,77.6,85.3,59.3,99.2,25.4,16.9,,,,,,,43507.9345371578,70.3661363168712,89.88,38.7,4226000.0,5413971.0,14.5954146662807,2.2103111743927,43507.9345371578,70.3661363168712,89.88,38.7,4226000.0,5413971.0,14.5954146662807,2.2103111743927
Finland,2013,76.8,81.8,58.0,97.6,22.7,15.0,76.8,81.8,58.0,97.6,22.7,15.0,,,,,,,42883.6384986417,70.6742118159277,91.5144,38.5,2797000.0,5438972.0,14.6434591173334,2.18062210083008,42883.6384986417,70.6742118159277,91.5144,38.5,2797000.0,5438972.0,14.6434591173334,2.18062210083008
Finland,2014,81.4,82.3,57.4,101.2,24.6,12.8,81.4,82.3,57.4,101.2,24.6,12.8,,,,,,,42502.4880199858,70.9879168940753,86.5304,41.2,2731000.0,5461512.0,14.6025114765247,2.02504563331604,42502.4880199858,70.9879168940753,86.5304,41.2,2731000.0,5461512.0,14.6025114765247,2.02504563331604
Finland,2015,78.4,83.5,60.9,111.6,23.7,12.5,78.4,83.5,60.9,111.6,23.7,12.5,,,,,,,42560.3456767103,71.3054930040604,86.4221,43.2,2622000.0,5479531.0,14.8411928141889,1.84316194057465,42560.3456767103,71.3054930040604,86.4221,43.2,2622000.0,5479531.0,14.8411928141889,1.84316194057465
Finland,2016,89.8,84.9,64.7,114.6,25.4,14.4,89.8,84.9,64.7,114.6,25.4,14.4,,,,,,,43529.6761616969,71.6158383428171,87.7036,42.4,2789000.0,5495303.0,14.7475627790114,1.84161901473999,43529.6761616969,71.6158383428171,87.7036,42.4,2789000.0,5495303.0,14.7475627790114,1.84161901473999
Finland,2017,91.8,87.8,65.2,116.1,26.5,14.5,91.8,87.8,65.2,116.1,26.5,14.5,,,,,,,44862.220404205,71.9563038312956,87.4689,44.4,3180000.0,5508214.0,15.3743113223501,1.9772777557373,44862.220404205,71.9563038312956,87.4689,44.4,3180000.0,5508214.0,15.3743113223501,1.9772777557373
Finland,2018,99.3,90.0,70.2,116.0,31.1,24.4,99.3,90.0,70.2,116.0,31.1,24.4,,,,,,,45337.2409550575,72.3423467740343,88.89,44.2,3224000.0,5515525.0,14.7901080183696,2.01387786865234,45337.2409550575,72.3423467740343,88.89,44.2,3224000.0,5515525.0,14.7901080183696,2.01387786865234
Finland,2019,97.4,85.1,70.6,115.9,42.0,27.2,97.4,85.1,70.6,115.9,42.0,27.2,,,,,,,45898.5708448954,72.7431214358314,89.6074,45.4,3290000.0,5521606.0,14.7120972002113,1.97280502319336,45898.5708448954,72.7431214358314,89.6074,45.4,3290000.0,5521606.0,14.7120972002113,1.97280502319336
Finland,2020,90.9,81.8,61.2,98.2,26.2,25.9,90.9,81.8,61.2,98.2,26.2,25.9,,,,,,,44690.9801103074,73.0849439791673,92.1703,47.3,896000.0,5529543.0,14.5232182818852,1.90100395679474,44690.9801103074,73.0849439791673,92.1703,47.3,896000.0,5529543.0,14.5232182818852,1.90100395679474
Finland,2021,92.9,76.2,60.6,99.2,29.2,24.3,92.9,76.2,60.6,99.2,29.2,24.3,,,,,,,45792.0454180872,73.3710215780329,92.8081,50.2,,5541017.0,14.9402646685212,1.91831088066101,45792.0454180872,73.3710215780329,92.8081,50.2,896000.0,5541017.0,14.9402646685212,1.91831088066101
Finland,2022,94.2,76.4,60.2,99.2,30.7,20.5,94.2,76.4,60.2,99.2,30.7,20.5,,,,,,,46016.1492103929,73.6967597835949,92.9888,,,5556106.0,15.7551618539463,1.75458240509033,46016.1492103929,73.6967597835949,92.9888,50.2,896000.0,5556106.0,15.7551618539463,1.75458240509033
Finland,2023,91.7,80.2,59.4,96.2,29.3,22.6,91.7,80.2,59.4,96.2,29.3,22.6,p,p,p,p,p,p,45357.0296547377,74.0062548602828,93.5139,,,5583911.0,14.4607986864481,1.73860657215118,45357.0296547377,74.0062548602828,93.5139,50.2,896000.0,5583911.0,14.4607986864481,1.73860657215118
France,2012,73.5,73.9,64.9,91.8,25.1,28.6,73.5,73.9,64.9,91.8,25.1,28.6,,,,,,,36161.2918253465,77.1669464919916,81.44,12.3,197522000.0,65657659.0,10.2470795796382,1.37338125705719,36161.2918253465,77.1669464919916,81.44,12.3,197522000.0,65657659.0,10.2470795796382,1.37338125705719
France,2013,73.9,75.8,66.4,95.8,25.6,28.4,73.9,75.8,66.4,95.8,25.6,28.4,,,,,,,36256.086680981,77.2440721470918,81.9198,13.4,204410000.0,65997932.0,10.2533499274342,1.48205244541168,36256.086680981,77.2440721470918,81.9198,13.4,204410000.0,65997932.0,10.2533499274342,1.48205244541168
France,2014,74.6,71.9,65.2,94.1,25.2,28.2,74.6,71.9,65.2,94.1,25.2,28.2,,,,,,,36444.3949089146,77.3524296788613,83.7511,13.2,206599000.0,66312067.0,10.1814983481472,1.41287088394165,36444.3949089146,77.3524296788613,83.7511,13.2,206599000.0,66312067.0,10.1814983481472,1.41287088394165
France,2015,74.8,77.2,65.5,92.0,25.5,31.6,74.8,77.2,65.5,92.0,25.5,31.6,,,,,,,36702.4323733379,77.7610919150066,78.006,13.3,203302000.0,66548272.0,10.3199116417468,1.41732227802277,36702.4323733379,77.7610919150066,78.006,13.3,203302000.0,66548272.0,10.3199116417468,1.41732227802277
France,2016,76.1,80.4,66.0,93.9,25.8,29.1,76.1,80.4,66.0,93.9,25.8,29.1,,,,,,,36920.5342846914,78.5999114705779,79.2698,14.2,203042000.0,66724104.0,10.1652320223789,1.38062357902527,36920.5342846914,78.5999114705779,79.2698,14.2,203042000.0,66724104.0,10.1652320223789,1.38062357902527
France,2017,77.9,84.9,68.1,98.4,26.5,30.8,77.9,84.9,68.1,98.4,26.5,30.8,,,,,,,37580.5979329356,78.6467804026368,80.5025,14.1,207274000.0,66918020.0,10.0100515756887,1.30890679359436,37580.5979329356,78.6467804026368,80.5025,14.1,207274000.0,66918020.0,10.0100515756887,1.30890679359436
France,2018,76.2,87.1,63.5,92.1,26.9,29.0,76.2,87.1,63.5,92.1,26.9,29.0,,,,,,,38062.4435961412,78.6714432536599,82.0432,15.2,211998000.0,67158348.0,9.88620521645328,1.41971850395203,38062.4435961412,78.6714432536599,82.0432,15.2,211998000.0,67158348.0,9.88620521645328,1.41971850395203
France,2019,77.1,83.4,65.6,91.4,26.9,35.6,77.1,83.4,65.6,91.4,26.9,35.6,,,,,,,38705.2072940618,78.6890784549356,83.3397,15.5,217877000.0,67382061.0,9.91095000638926,1.33822000026703,38705.2072940618,78.6890784549356,83.3397,15.5,217877000.0,67382061.0,9.91095000638926,1.33822000026703
France,2020,78.7,57.9,60.3,82.2,21.4,34.5,78.7,57.9,60.3,82.2,21.4,34.5,,,,b,,,35709.2045925926,78.7119131765249,84.7064,16.8,117109000.0,67601110.0,9.24566710385932,1.2042510509491,35709.2045925926,78.7119131765249,84.7064,16.8,117109000.0,67601110.0,9.24566710385932,1.2042510509491
France,2021,77.9,60.2,62.4,86.7,23.7,35.4,77.9,60.2,62.4,86.7,23.7,35.4,,,,,,,38030.8571685178,78.7364603392338,86.0955,16.2,,67842811.0,9.09582515832787,1.22854030132294,38030.8571685178,78.7364603392338,86.0955,16.2,117109000.0,67842811.0,9.09582515832787,1.22854030132294
France,2022,83.3,64.2,67.5,89.4,25.4,40.6,83.3,64.2,67.5,89.4,25.4,40.6,,,,,,b,38868.3303330557,78.7591921123356,85.3333,,,68184457.0,9.3013624882498,1.16521215438843,38868.3303330557,78.7591921123356,85.3333,16.2,117109000.0,68184457.0,9.3013624882498,1.16521215438843
France,2023,83.7,68.0,69.0,94.8,25.7,37.1,83.7,68.0,69.0,94.8,25.7,37.1,b,,,,,,39319.4152227295,78.7804323126547,86.8364,,,68372286.0,9.7687049703675,1.14462625980377,39319.4152227295,78.7804323126547,86.8364,16.2,117109000.0,68372286.0,9.7687049703675,1.14462625980377
Germany,2012,84.7,92.3,71.3,87.6,49.5,30.3,84.7,92.3,71.3,87.6,49.5,30.3,,,,,,,40834.5088218456,80.393447520218,82.35,13.6,30411000.0,80425823.0,20.0472978765968,1.53097581863403,40834.5088218456,80.393447520218,82.35,13.6,30411000.0,80425823.0,20.0472978765968,1.53097581863403
Germany,2013,88.7,93.2,71.8,88.2,49.4,25.5,88.7,93.2,71.8,88.2,49.4,25.5,,,,,,,40884.8926759028,80.4732318400362,84.17,13.6,31545000.0,80645605.0,19.7600541430605,1.51041460037231,40884.8926759028,80.4732318400362,84.17,13.6,31545000.0,80645605.0,19.7600541430605,1.51041460037231
Germany,2014,89.0,92.5,71.4,87.3,50.2,26.8,89.0,92.5,71.4,87.3,50.2,26.8,,,,,,,41602.4661281668,80.57574023743,86.1937,14.0,32999000.0,80982500.0,20.1102373285709,1.6648246049881,41602.4661281668,80.57574023743,86.1937,14.0,32999000.0,80982500.0,20.1102373285709,1.6648246049881
Germany,2015,85.2,91.5,69.3,85.7,48.8,25.8,85.2,91.5,69.3,85.7,48.8,25.8,,,,,,,41929.7549110722,80.6974371632814,87.5898,14.6,34970000.0,81686611.0,20.1379643216943,1.65639758110046,41929.7549110722,80.6974371632814,87.5898,14.6,34970000.0,81686611.0,20.1379643216943,1.65639758110046
Germany,2016,85.5,91.6,70.7,88.7,49.7,26.0,85.5,91.6,70.7,88.7,49.7,26.0,,,,,,,42516.9337063103,80.8347870684725,84.1652,14.2,35555000.0,82348669.0,20.4130244960425,1.66018795967102,42516.9337063103,80.8347870684725,84.1652,14.2,35555000.0,82348669.0,20.4130244960425,1.66018795967102
Germany,2017,84.4,91.6,69.9,87.6,49.7,25.8,84.4,91.6,69.9,87.6,49.7,25.8,,,,,,,43543.4807050551,80.9842544038853,84.3942,15.2,37452000.0,82657002.0,20.092676209306,1.61311173439026,43543.4807050551,80.9842544038853,84.3942,15.2,37452000.0,82657002.0,20.092676209306,1.61311173439026
Germany,2018,83.0,91.7,68.5,86.8,47.1,25.0,83.0,91.7,68.5,86.8,47.1,25.0,,,,,,,43905.8550061973,81.1423036204018,87.0371,16.0,38881000.0,82905782.0,19.8054472442,1.52356374263763,43905.8550061973,81.1423036204018,87.0371,16.0,38881000.0,82905782.0,19.8054472442,1.52356374263763
Germany,2019,78.0,85.4,64.0,80.6,43.3,23.6,78.0,85.4,64.0,80.6,43.3,23.6,b,b,b,b,b,b,44235.2658954682,81.3053991689039,88.1345,17.1,39563000.0,83092962.0,19.3094694228334,1.49534583091736,44235.2658954682,81.3053991689039,88.1345,17.1,39563000.0,83092962.0,19.3094694228334,1.49534583091736
Germany,2020,79.7,83.4,68.1,84.2,46.2,32.6,79.7,83.4,68.1,84.2,46.2,32.6,,,,,,,42372.8726784255,81.4700055002738,89.8129,18.5,12449000.0,83160871.0,18.52749571104,1.31368815898895,42372.8726784255,81.4700055002738,89.8129,18.5,12449000.0,83160871.0,18.52749571104,1.31368815898895
Germany,2021,80.3,82.8,67.7,85.1,47.6,31.6,80.3,82.8,67.7,85.1,47.6,31.6,,,,,,,44011.0194631674,81.6325870653934,91.4306,17.6,,83196078.0,18.5726195842861,1.28911292552948,44011.0194631674,81.6325870653934,91.4306,17.6,12449000.0,83196078.0,18.5726195842861,1.28911292552948
Germany,2022,80.1,82.9,68.5,85.8,51.1,29.8,80.1,82.9,68.5,85.8,51.1,29.8,,,,,,,44817.1316331389,81.7867852780995,91.6298,,,83177813.0,18.3217735042199,1.28929960727692,44817.1316331389,81.7867852780995,91.6298,17.6,12449000.0,83177813.0,18.3217735042199,1.28929960727692
Germany,2023,80.6,83.3,69.4,86.6,52.2,30.2,80.6,83.3,69.4,86.6,52.2,30.2,,,,,,,44368.9920074881,81.9034366692129,92.4764,,,83287273.0,18.9402532641593,1.18541669845581,44368.9920074881,81.9034366692129,92.4764,17.6,12449000.0,83287273.0,18.9402532641593,1.18541669845581
Greece,2012,54.7,38.2,58.6,83.6,32.2,41.8,54.7,38.2,58.6,83.6,32.2,41.8,,,,,,,17924.6620496886,76.8679797449322,55.07,14.2,,11045011.0,8.13642389483796,0.276448935270309,17924.6620496886,76.8679797449322,55.07,14.2,19708000.0,11045011.0,8.13642389483796,0.276448935270309
Greece,2013,28.0,48.2,52.4,79.7,32.3,2.5,28.0,48.2,52.4,79.7,32.3,2.5,,,,,,,17644.8766635021,77.0951999650171,59.8663,16.6,20112000.0,10965211.0,7.78048722385766,0.357173413038254,17644.8766635021,77.0951999650171,59.8663,16.6,20112000.0,10965211.0,7.78048722385766,0.357173413038254
Greece,2014,21.5,58.8,53.8,79.1,32.8,17.4,21.5,58.8,53.8,79.1,32.8,17.4,,,,,,,17903.5252440012,77.3130486275866,63.2073,16.4,24272000.0,10892413.0,7.79323131183445,0.298027336597443,17903.5252440012,77.3130486275866,63.2073,16.4,24272000.0,10892413.0,7.79323131183445,0.298027336597443
Greece,2015,29.4,57.4,60.3,89.6,36.8,22.0,29.4,57.4,60.3,89.6,36.8,22.0,,,,,,,17980.7298238137,77.5194426317545,66.835,17.5,26114000.0,10820883.0,8.2939794133625,0.145935848355293,17980.7298238137,77.5194426317545,66.835,17.5,26114000.0,10820883.0,8.2939794133625,0.145935848355293
Greece,2016,36.9,61.7,66.1,98.5,38.2,21.9,36.9,61.7,66.1,98.5,38.2,21.9,,,,,,,18049.928997892,77.7122988766348,69.0879,16.4,28071000.0,10775971.0,8.1077472947053,0.124417319893837,18049.928997892,77.7122988766348,69.0879,16.4,28071000.0,10775971.0,8.1077472947053,0.124417319893837
Greece,2017,36.0,70.5,68.6,99.5,41.4,20.4,36.0,70.5,68.6,99.5,41.4,20.4,,,,,,,18352.0884461258,77.8895342613411,69.893,16.4,30161000.0,10754679.0,8.01771265830777,0.239155456423759,18352.0884461258,77.8895342613411,69.893,16.4,30161000.0,10754679.0,8.01771265830777,0.239155456423759
Greece,2018,32.9,71.7,63.6,91.5,39.8,24.1,32.9,71.7,63.6,91.5,39.8,24.1,e,,e,e,e,e,18769.0389621976,78.0490656849874,72.2384,17.9,33072000.0,10732882.0,8.18182062799694,0.25846466422081,18769.0389621976,78.0490656849874,72.2384,17.9,33072000.0,10732882.0,8.18182062799694,0.25846466422081
Greece,2019,29.9,78.4,60.1,84.6,37.6,24.5,29.9,78.4,60.1,84.6,37.6,24.5,e,,e,e,e,e,19216.6759579785,78.1888100466875,75.6712,18.5,34005000.0,10721582.0,7.83958999296986,0.314295798540115,19216.6759579785,78.1888100466875,75.6712,18.5,34005000.0,10721582.0,7.83958999296986,0.314295798540115
Greece,2020,28.799999999999997,78.95,57.1,83.8,37.7,15.9,,,,,,,,,,,,,17486.951333323,78.3066842455552,78.1158,20.1,7406000.0,10698599.0,8.42728042228222,0.402936995029449,17486.951333323,78.3066842455552,78.1158,20.1,7406000.0,10698599.0,8.42728042228222,0.402936995029449
Greece,2021,27.7,79.5,54.1,83.0,37.8,7.3,27.7,79.5,54.1,83.0,37.8,7.3,,,,,,,19232.9683327114,78.3884898647442,78.4943,21.5,,10569207.0,8.66558957724326,0.406026542186737,19232.9683327114,78.3884898647442,78.4943,21.5,7406000.0,10569207.0,8.66558957724326,0.406026542186737
Greece,2022,21.8,64.5,43.4,65.4,31.8,7.2,21.8,64.5,43.4,65.4,31.8,7.2,,,,,,,20552.3223279685,78.5502190980809,83.1707,,,10436882.0,9.72102945141494,0.446967661380768,20552.3223279685,78.5502190980809,83.1707,21.5,7406000.0,10436882.0,9.72102945141494,0.446967661380768
Greece,2023,25.9,57.6,48.0,76.7,32.7,7.5,25.9,57.6,48.0,76.7,32.7,7.5,,,,,,,21050.8648111581,78.7746303842088,85.0102,,,10407351.0,8.94790333070901,0.148003026843071,21050.8648111581,78.7746303842088,85.0102,21.5,7406000.0,10407351.0,8.94790333070901,0.148003026843071
Hungary,2012,34.2,80.8,48.5,73.0,27.8,18.1,34.2,80.8,48.5,73.0,27.8,18.1,,,,,,,11440.7622718825,69.5772326660156,70.58,16.5,43565000.0,9920362.0,18.4937179955194,0.608617842197418,11440.7622718825,69.5772326660156,70.58,16.5,43565000.0,9920362.0,18.4937179955194,0.608617842197418
Hungary,2013,32.4,94.6,49.2,78.3,30.8,7.5,32.4,94.6,49.2,78.3,30.8,7.5,,,,,,,11729.5720798501,69.9277636266638,72.6439,17.2,43611000.0,9872734.0,18.7073217770592,0.678418397903442,11729.5720798501,69.9277636266638,72.6439,17.2,43611000.0,9872734.0,18.7073217770592,0.678418397903442
Hungary,2014,36.3,83.5,48.4,66.2,36.8,18.1,36.3,83.5,48.4,66.2,36.8,18.1,,,,,,,12287.3779441033,70.3071053512008,75.6532,15.7,45984000.0,9833038.0,19.4234614005581,0.582895636558533,12287.3779441033,70.3071053512008,75.6532,15.7,45984000.0,9833038.0,19.4234614005581,0.582895636558533
Hungary,2015,50.5,79.7,50.1,75.8,27.4,19.9,50.5,79.7,50.1,75.8,27.4,19.9,,,,,,,12782.9412577973,70.4847717285156,72.8347,15.6,48345000.0,9797755.0,20.2076761720927,0.509736955165863,12782.9412577973,70.4847717285156,72.8347,15.6,48345000.0,9797755.0,20.2076761720927,0.509736955165863
Hungary,2016,34.6,71.8,49.7,77.0,31.4,20.1,34.6,71.8,49.7,77.0,31.4,20.1,,,,,,,13145.6559885563,70.4733810424805,79.2594,15.3,52890000.0,9759755.0,19.5575596990539,0.457127034664154,13145.6559885563,70.4733810424805,79.2594,15.3,52890000.0,9759755.0,19.5575596990539,0.457127034664154
Hungary,2017,34.2,70.4,49.7,74.5,32.0,24.1,34.2,70.4,49.7,74.5,32.0,24.1,,,,,,,13734.2442804335,70.4542541503906,76.7505,14.6,54962000.0,9726756.0,19.1033927278036,0.481280267238617,13734.2442804335,70.4542541503906,76.7505,14.6,54962000.0,9726756.0,19.1033927278036,0.481280267238617
Hungary,2018,35.3,71.2,46.1,67.5,30.0,23.0,35.3,71.2,46.1,67.5,30.0,23.0,,,,,,,14533.7783144312,70.4711761474609,76.0744,13.6,57667000.0,9706964.0,18.4028423209229,0.443152636289597,14533.7783144312,70.4711761474609,76.0744,13.6,57667000.0,9706964.0,18.4028423209229,0.443152636289597
Hungary,2019,29.3,69.1,47.0,70.5,33.0,23.3,29.3,69.1,47.0,70.5,33.0,23.3,,e,,,,,15290.8085466331,70.4565277099609,80.3717,13.6,61397000.0,9694824.0,17.3261619988245,0.450478911399841,15290.8085466331,70.4565277099609,80.3717,13.6,61397000.0,9694824.0,17.3261619988245,0.450478911399841
Hungary,2020,37.8,66.2,48.6,78.7,24.9,28.9,37.8,66.2,48.6,78.7,24.9,28.9,,e,,b,b,,14664.2971195385,70.2917327880859,84.7712,14.8,31641000.0,9670419.0,17.2739907825324,0.538535594940186,14664.2971195385,70.2917327880859,84.7712,14.8,31641000.0,9670419.0,17.2739907825324,0.538535594940186
Hungary,2021,33.1,63.4,44.8,65.7,27.3,28.6,33.1,63.4,44.8,65.7,27.3,28.6,,,,,,,15787.9535427563,70.2059275331413,88.6408,15.3,,9630932.0,16.5270428077403,0.596821069717407,15787.9535427563,70.2059275331413,88.6408,15.3,31641000.0,9630932.0,16.5270428077403,0.596821069717407
Hungary,2022,29.8,61.3,42.9,67.8,27.6,17.0,29.8,61.3,42.9,67.8,27.6,17.0,,,,,,,16487.7973935944,70.1585064243445,89.1428,,,9605074.0,16.7904591485265,0.533869922161102,16487.7973935944,70.1585064243445,89.1428,15.3,31641000.0,9605074.0,16.7904591485265,0.533869922161102
Hungary,2023,22.8,53.9,42.8,70.3,23.0,23.4,22.8,53.9,42.8,70.3,23.0,23.4,p,p,p,p,p,p,16375.0462724192,70.2923026891431,91.4501,,,9592186.0,17.1147355277675,0.372758895158768,16375.0462724192,70.2923026891431,91.4501,15.3,31641000.0,9592186.0,17.1147355277675,0.372758895158768
Iceland,2012,0.0,100.0,40.7,62.9,35.1,48.1,0.0,100.0,40.7,62.9,35.1,48.1,,,,,,,50375.4116888351,93.514892578125,96.2098,77.7,765000.0,320716.0,11.6167696937058,1.48314440250397,50375.4116888351,93.514892578125,96.2098,77.7,765000.0,320716.0,11.6167696937058,1.48314440250397
Iceland,2013,0.0,67.0,42.9,71.6,26.5,62.1,0.0,67.0,42.9,71.6,26.5,62.1,,,,,,,51696.0876528983,93.6166725158692,96.5468,76.8,900000.0,323764.0,11.4978998018115,1.48298573493958,51696.0876528983,93.6166725158692,96.5468,76.8,900000.0,323764.0,11.4978998018115,1.48298573493958
Iceland,2014,0.0,79.4,42.8,76.0,26.8,38.5,0.0,79.4,42.8,76.0,26.8,38.5,,,,,,,52102.5757919438,93.6196716315805,98.158,77.6,1102000.0,327386.0,11.3335574603766,1.48536741733551,52102.5757919438,93.6196716315805,98.158,77.6,1102000.0,327386.0,11.3335574603766,1.48536741733551
Iceland,2015,0.3,76.4,47.4,83.9,27.3,60.9,0.3,76.4,47.4,83.9,27.3,60.9,,,,,,,53505.6964079339,93.727919768566,98.2,78.0,1389000.0,330815.0,10.6860164069703,1.46093690395355,53505.6964079339,93.727919768566,98.2,78.0,1389000.0,330815.0,10.6860164069703,1.46093690395355
Iceland,2016,0.0,75.5,47.2,83.1,28.7,62.5,0.0,75.5,47.2,83.1,28.7,62.5,,,,,,,56049.2928648152,93.7822647094726,98.24,80.9,1891000.0,335439.0,9.27416946270136,1.34993553161621,56049.2928648152,93.7822647094726,98.24,80.9,1891000.0,335439.0,9.27416946270136,1.34993553161621
Iceland,2017,0.0,63.7,44.4,83.7,22.6,22.7,0.0,63.7,44.4,83.7,22.6,22.7,,,,,,,56657.9800285572,93.7718982310092,98.2552,80.8,2353000.0,343400.0,8.85002394189757,1.41358423233032,56657.9800285572,93.7718982310092,98.2552,80.8,2353000.0,343400.0,8.85002394189757,1.41358423233032
Iceland,2018,0.0,65.6,51.2,92.9,29.3,36.3,0.0,65.6,51.2,92.9,29.3,36.3,,,,,,,57731.6523401884,93.8526667025487,99.011,81.4,2488000.0,352721.0,8.63020718210054,1.42581415176392,57731.6523401884,93.8526667025487,99.011,81.4,2488000.0,352721.0,8.63020718210054,1.42581415176392
Iceland,2019,0.0,63.8,46.3,87.2,24.0,16.4,0.0,63.8,46.3,87.2,24.0,16.4,,,,,,,57118.8452718755,93.9770847416131,99.5049,81.7,2202000.0,360563.0,8.73368688584037,1.48203492164612,57118.8452718755,93.9770847416131,99.5049,81.7,2202000.0,360563.0,8.73368688584037,1.48203492164612
Iceland,2020,0.0,76.0,57.0,99.5,30.8,70.8,0.0,76.0,57.0,99.5,30.8,70.8,d,d,d,d,d,d,52464.3072858637,94.1367102874722,99.5328,82.9,488000.0,366463.0,9.22151088978613,1.47592997550964,52464.3072858637,94.1367102874722,99.5328,82.9,488000.0,366463.0,9.22151088978613,1.47592997550964
Iceland,2021,0.0,63.7,49.8,82.2,27.6,82.9,0.0,63.7,49.8,82.2,27.6,82.9,d,d,d,d,,,54285.0209153958,94.2108206403841,99.687,82.4,,372520.0,10.5130460487003,1.59388387203217,54285.0209153958,94.2108206403841,99.687,82.4,488000.0,372520.0,10.5130460487003,1.59388387203217
Iceland,2022,0.0,65.1,42.1,75.5,21.5,30.3,0.0,65.1,42.1,75.5,21.5,30.3,d,d,d,d,d,d,57606.8756094882,94.1787071228028,99.8082,,,382003.0,10.5004610315909,1.5629870891571,57606.8756094882,94.1787071228028,99.8082,82.4,488000.0,382003.0,10.5004610315909,1.5629870891571
Iceland,2023,59.5,63.6,77.3,120.3,39.1,80.6,59.5,63.6,77.3,120.3,39.1,80.6,d,d,d,bd,bd,bd,60019.4084189868,94.1518261784801,99.8301,,,385663.0,8.76285615251098,1.55512094497681,60019.4084189868,94.1518261784801,99.8301,82.4,488000.0,385663.0,8.76285615251098,1.55512094497681
Ireland,2012,85.5,75.8,74.0,83.0,40.4,82.3,85.5,75.8,74.0,83.0,40.4,82.3,,,,,,,47147.1604669421,62.2529318511038,76.92,6.9,7550000.0,4599533.0,19.6054663863926,1.53906953334808,47147.1604669421,62.2529318511038,76.92,6.9,7550000.0,4599533.0,19.6054663863926,1.53906953334808
Ireland,2013,80.0,79.1,70.2,79.1,40.1,81.6,80.0,79.1,70.2,79.1,40.1,81.6,,,,,,,47928.0346487005,62.4047157756118,78.2477,7.7,8260000.0,4623816.0,19.0761287551304,1.50404286384583,47928.0346487005,62.4047157756118,78.2477,7.7,8260000.0,4623816.0,19.0761287551304,1.50404286384583
Ireland,2014,86.8,80.5,68.3,79.4,35.4,84.8,86.8,80.5,68.3,79.4,35.4,84.8,,,,,,,52044.6201181887,62.535401730577,83.4917,8.8,8813000.0,4657740.0,19.58634485518,1.59883308410645,52044.6201181887,62.535401730577,83.4917,8.8,8813000.0,4657740.0,19.58634485518,1.59883308410645
Ireland,2015,87.6,74.6,67.5,79.7,34.0,85.4,87.6,74.6,67.5,79.7,34.0,85.4,,,,,,,64250.1385181257,62.6392123492764,83.4948,9.5,9528000.0,4701957.0,34.8913217286457,1.52084052562714,64250.1385181257,62.6392123492764,83.4948,9.5,9528000.0,4701957.0,34.8913217286457,1.52084052562714
Ireland,2016,86.3,70.1,67.0,79.2,35.7,75.0,86.3,70.1,67.0,79.2,35.7,75.0,,,,,,,64205.979777351,62.7229399123734,83.5,8.6,10100000.0,4762722.0,32.6267738894039,1.32955777645111,64205.979777351,62.7229399123734,83.5,8.6,10100000.0,4762722.0,32.6267738894039,1.32955777645111
Ireland,2017,84.2,72.0,65.6,78.5,33.8,74.3,84.2,72.0,65.6,78.5,33.8,74.3,,,,,,,69748.6221034014,62.9035196521232,84.114,10.1,10338000.0,4827445.0,32.1593567756814,1.26728880405426,69748.6221034014,62.9035196521232,84.114,10.1,10338000.0,4827445.0,32.1593567756814,1.26728880405426
Ireland,2018,82.2,64.1,63.9,79.1,31.0,64.1,82.2,64.1,63.9,79.1,31.0,64.1,,,,,,,74029.0550611436,63.0844503476779,87.0001,10.8,10926000.0,4898022.0,32.7799541366431,1.37824308872223,74029.0550611436,63.0844503476779,87.0001,10.8,10926000.0,4898022.0,32.7799541366431,1.37824308872223
Ireland,2019,83.7,69.0,62.5,78.5,27.8,64.9,83.7,69.0,62.5,78.5,27.8,64.9,,,,b,b,,76485.635854651,63.2737009154127,87.0001,12.3,10951000.0,4976456.0,31.9303074064122,1.2575615644455,76485.635854651,63.2737009154127,87.0001,12.3,10951000.0,4976456.0,31.9303074064122,1.2575615644455
Ireland,2020,84.2,70.8,62.4,78.1,29.0,57.1,84.2,70.8,62.4,78.1,29.0,57.1,,,,,,,80927.936475395,63.4713366724915,91.9999,13.7,,5039747.0,33.6151990544761,1.43524384498596,80927.936475395,63.4713366724915,91.9999,13.7,10951000.0,5039747.0,33.6151990544761,1.43524384498596
Ireland,2021,83.6,58.4,59.3,72.8,27.9,64.4,83.6,58.4,59.3,72.8,27.9,64.4,,,,,,,92781.2322150786,63.6774229356985,96.4235,12.7,,5110585.0,34.3142984743754,1.46342539787292,92781.2322150786,63.6774229356985,96.4235,12.7,10951000.0,5110585.0,34.3142984743754,1.46342539787292
Ireland,2022,82.7,54.8,61.7,75.2,32.1,67.0,82.7,54.8,61.7,75.2,32.1,67.0,,,,,,,97793.5366671697,63.8920250215059,96.6206,,,5212836.0,37.0980377487837,1.5485702753067,97793.5366671697,63.8920250215059,96.6206,12.7,10951000.0,5212836.0,37.0980377487837,1.5485702753067
Ireland,2023,83.3,54.4,61.0,75.7,29.6,69.6,83.3,54.4,61.0,75.7,29.6,69.6,,,,,,,93541.9643678381,64.1152082461268,96.4974,,,5311538.0,29.804552619598,1.59114551544189,93541.9643678381,64.1152082461268,96.4974,12.7,10951000.0,5311538.0,29.804552619598,1.59114551544189
Italy,2012,70.9,73.6,66.6,84.5,37.5,54.2,70.9,73.6,66.6,84.5,37.5,54.2,,,,,,,30953.4147447427,68.7608794235259,55.83,14.4,76293000.0,60191247.0,13.7582342074538,0.447511166334152,30953.4147447427,68.7608794235259,55.83,14.4,76293000.0,60191247.0,13.7582342074538,0.447511166334152
Italy,2013,70.8,74.5,66.7,84.6,36.8,55.9,70.8,74.5,66.7,84.6,36.8,55.9,,,,,,,30330.0221599668,69.3073989916076,58.4593,16.3,76762000.0,60311613.0,13.7593478951288,0.532426714897156,30330.0221599668,69.3073989916076,58.4593,16.3,76762000.0,60311613.0,13.7593478951288,0.532426714897156
Italy,2014,70.3,72.7,65.4,78.7,38.0,59.0,70.3,72.7,65.4,78.7,38.0,59.0,,,,,,,30325.0287793923,69.5807638614879,55.6385,17.1,77694000.0,60320707.0,13.8362218969996,0.472872227430344,30325.0287793923,69.5807638614879,55.6385,17.1,77694000.0,60320707.0,13.8362218969996,0.472872227430344
Italy,2015,70.9,73.0,66.8,79.7,41.1,60.3,70.9,73.0,66.8,79.7,41.1,60.3,,,,,,,30639.8829751432,69.6100006103516,58.1417,16.6,81068000.0,60229605.0,14.2623447666015,0.49019667506218,30639.8829751432,69.6100006103516,58.1417,16.6,81068000.0,60229605.0,14.2623447666015,0.49019667506218
Italy,2016,70.8,75.6,66.9,79.7,42.4,60.0,70.8,75.6,66.9,79.7,42.4,60.0,,,,,,,31077.6792675211,69.5969232525286,61.3243,16.1,84925000.0,60115223.0,14.6638600182643,0.544244647026062,31077.6792675211,69.5969232525286,61.3243,16.1,84925000.0,60115223.0,14.6638600182643,0.544244647026062
Italy,2017,72.8,72.0,67.1,79.8,41.8,60.1,72.8,72.0,67.1,79.8,41.8,60.1,,,,,,,31635.52277108,69.5180784259382,63.0773,16.4,89931000.0,60002252.0,14.8167748451842,0.491924196481705,31635.52277108,69.5180784259382,63.0773,16.4,89931000.0,60002252.0,14.8167748451842,0.491924196481705
Italy,2018,73.4,77.6,68.3,80.0,43.8,61.9,73.4,77.6,68.3,80.0,43.8,61.9,,,,,,,31819.3971830067,69.4800033569336,74.3872,17.1,93228601.5625,60148658.0,14.9480712750382,0.408853262662888,31819.3971830067,69.4800033569336,74.3872,17.1,93228601.5625,60148658.0,14.9480712750382,0.408853262662888
Italy,2019,77.3,79.2,69.6,80.8,45.1,62.2,77.3,79.2,69.6,80.8,45.1,62.2,,,,,,,32180.4341017428,69.5050010681153,67.8507,17.3,95399000.0,59729081.0,14.8032822287955,0.450929790735245,32180.4341017428,69.5050010681153,67.8507,17.3,95399000.0,59729081.0,14.8032822287955,0.450929790735245
Italy,2020,78.6,73.1,71.4,86.1,43.8,62.0,78.6,73.1,71.4,86.1,43.8,62.0,,,,,,,29469.7989238626,69.5187492370606,70.4834,18.7,38419000.0,59438851.0,14.477256120151,0.360754579305649,29469.7989238626,69.5187492370606,70.4834,18.7,38419000.0,59438851.0,14.477256120151,0.360754579305649
Italy,2021,76.6,70.3,71.7,84.6,47.6,63.9,76.6,70.3,71.7,84.6,47.6,63.9,,,,,,,32267.7091050201,69.4812507629394,74.8623,17.5,,59133173.0,15.365300568128,0.325260877609253,32267.7091050201,69.4812507629394,74.8623,17.5,38419000.0,59133173.0,15.365300568128,0.325260877609253
Italy,2022,80.8,78.0,70.7,80.0,46.6,62.7,80.8,78.0,70.7,80.0,46.6,62.7,,,,,,,33891.8866526216,69.4839779766539,85.0607,,,59013667.0,15.3822538780623,0.448645293712616,33891.8866526216,69.4839779766539,85.0607,17.5,38419000.0,59013667.0,15.3822538780623,0.448645293712616
Italy,2023,77.4,86.2,75.6,92.6,49.0,64.9,77.4,86.2,75.6,92.6,49.0,64.9,,,,,,,34239.6554751239,69.5381540123301,87.0278,,,58984216.0,15.4757601471146,0.611036896705627,34239.6554751239,69.5381540123301,87.0278,17.5,38419000.0,58984216.0,15.4757601471146,0.611036896705627
Latvia,2012,55.1,57.8,51.1,75.3,24.0,36.7,55.1,57.8,51.1,75.3,24.0,36.7,,,,,,,11971.0107466522,67.8331638942219,73.1199,40.4,5569000.0,2034319.0,11.8129666874934,0.828348100185394,11971.0107466522,67.8331638942219,73.1199,40.4,5569000.0,2034319.0,11.8129666874934,0.828348100185394
Latvia,2013,55.1,56.6,51.0,74.7,24.5,36.4,55.1,56.6,51.0,74.7,24.5,36.4,,,,,,,12353.5386135301,67.847334482933,75.2344,39.6,5822000.0,2012647.0,11.5075095213455,0.87935084104538,12353.5386135301,67.847334482933,75.2344,39.6,5822000.0,2012647.0,11.5075095213455,0.87935084104538
Latvia,2014,60.6,51.8,54.9,81.5,36.4,31.8,60.6,51.8,54.9,81.5,36.4,31.8,,,,,,,12731.6771959342,67.8686035364944,75.8261,40.2,6246000.0,1993782.0,10.8995654111219,0.950847923755646,12731.6771959342,67.8686035364944,75.8261,40.2,6246000.0,1993782.0,10.8995654111219,0.950847923755646
Latvia,2015,60.5,51.0,53.9,77.5,35.3,35.1,60.5,51.0,53.9,77.5,35.3,35.1,,,,,,,13321.9753140616,67.8965395668259,79.2006,38.1,6842000.0,1977527.0,10.8460810091263,1.05340993404388,13321.9753140616,67.8965395668259,79.2006,38.1,6842000.0,1977527.0,10.8460810091263,1.05340993404388
Latvia,2016,64.0,59.8,57.7,81.1,37.2,39.9,64.0,59.8,57.7,81.1,37.2,39.9,,,,,,,13787.3367440023,67.9307110858472,79.8421,38.5,6797000.0,1959537.0,10.5392671306849,0.965538024902344,13787.3367440023,67.9307110858472,79.8421,38.5,6797000.0,1959537.0,10.5392671306849,0.965538024902344
Latvia,2017,65.5,59.0,58.7,86.2,36.6,38.0,65.5,59.0,58.7,86.2,36.6,38.0,,,,,,,14382.8612727134,67.9706866054779,80.1141,42.6,7726000.0,1942248.0,10.8745823136205,0.865553975105286,14382.8612727134,67.9706866054779,80.1141,42.6,7726000.0,1942248.0,10.8745823136205,0.865553975105286
Latvia,2018,68.8,71.3,55.8,82.9,35.8,27.3,68.8,71.3,55.8,82.9,35.8,27.3,,,,,,,15120.0698171804,68.0160346376376,83.5772,41.0,7775000.0,1927174.0,10.9412550358406,1.00028502941132,15120.0698171804,68.0160346376376,83.5772,41.0,7775000.0,1927174.0,10.9412550358406,1.00028502941132
Latvia,2019,69.0,72.0,62.4,80.9,35.4,52.3,69.0,72.0,62.4,80.9,35.4,52.3,,,,,,,15328.3859933295,68.066323694246,86.1355,41.5,8342000.0,1913822.0,11.022531503956,1.06574690341949,15328.3859933295,68.066323694246,86.1355,41.5,8342000.0,1913822.0,11.022531503956,1.06574690341949
Latvia,2020,70.1,81.3,61.4,79.3,35.9,49.2,70.1,81.3,61.4,79.3,35.9,49.2,,,,,,,14900.7295718866,68.1211222872228,88.898,43.8,3204000.0,1900449.0,11.4825724036882,0.838092744350433,14900.7295718866,68.1211222872228,88.898,43.8,3204000.0,1900449.0,11.4825724036882,0.838092744350433
Latvia,2021,70.3,66.6,61.0,77.0,41.6,48.3,70.3,66.6,61.0,77.0,41.6,48.3,,,,,,,16070.1680032322,68.1808791463693,91.1796,44.0,,1884490.0,12.8481117405741,0.832942485809326,16070.1680032322,68.1808791463693,91.1796,44.0,3204000.0,1884490.0,12.8481117405741,0.832942485809326
Latvia,2022,63.1,66.8,60.8,78.4,47.3,48.7,63.1,66.8,60.8,78.4,47.3,48.7,,,,,,,16421.3748596,68.2570218109034,91.0301,,,1879383.0,11.9852535721668,0.69153767824173,16421.3748596,68.2570218109034,91.0301,44.0,3204000.0,1879383.0,11.9852535721668,0.69153767824173
Latvia,2023,69.3,71.6,63.1,74.9,59.2,45.1,69.3,71.6,63.1,74.9,59.2,45.1,,,,,,,16229.3844520245,68.3586316343061,92.1879,,,1883710.0,10.8817509638317,0.696560978889465,16229.3844520245,68.3586316343061,92.1879,44.0,3204000.0,1883710.0,10.8817509638317,0.696560978889465
Liechtenstein,2012,64.1,100.0,44.3,66.2,7.0,0.0,64.1,100.0,44.3,66.2,7.0,0.0,,,,,,,,14.4124545370445,89.4077,55.5,62400.0015258789,36657.0,,1.78074657917023,167187.15730982,14.4124545370445,89.4077,55.5,62400.0015258789,36657.0,36.8666818522014,1.78074657917023
Liechtenstein,2013,60.8,100.0,50.3,75.9,6.6,0.0,60.8,100.0,50.3,75.9,6.6,0.0,,,,,,,,14.4201755971624,93.8,53.5,59599.9984741211,36984.0,,1.74691927433014,167187.15730982,14.4201755971624,93.8,53.5,59599.9984741211,36984.0,36.8666818522014,1.74691927433014
Liechtenstein,2014,65.1,100.0,51.9,76.2,6.8,0.0,65.1,100.0,51.9,76.2,6.8,0.0,,,,,,,,14.4336985145967,95.21,55.0,61299.9992370605,37248.0,,1.69893741607666,167187.15730982,14.4336985145967,95.21,55.0,61299.9992370605,37248.0,36.8666818522014,1.69893741607666
Liechtenstein,2015,72.9,100.0,66.1,82.1,16.9,0.0,72.9,100.0,66.1,82.1,16.9,0.0,,,,,,,167187.15730982,14.4535587761782,96.6412,55.5,56700.0007629395,37494.0,,1.65257394313812,167187.15730982,14.4535587761782,96.6412,55.5,56700.0007629395,37494.0,36.8666818522014,1.65257394313812
Liechtenstein,2016,70.1,100.0,65.8,82.6,20.9,0.0,70.1,100.0,65.8,82.6,20.9,0.0,,,,,,,,14.4802918687379,98.0939,55.8,69099.9984741211,37716.0,36.8666818522014,1.66266179084778,167187.15730982,14.4802918687379,98.0939,55.8,69099.9984741211,37716.0,36.8666818522014,1.66266179084778
Liechtenstein,2017,73.2,100.0,66.7,82.3,18.3,0.0,73.2,100.0,66.7,82.3,18.3,0.0,,,,,,,,14.5144332791067,99.5466,55.3,79300.0030517578,37962.0,38.7329024971766,1.71803462505341,167187.15730982,14.5144332791067,99.5466,55.3,79300.0030517578,37962.0,38.7329024971766,1.71803462505341
Liechtenstein,2018,75.5,100.0,68.0,82.6,21.4,0.0,75.5,100.0,68.0,82.6,21.4,0.0,,,,,,,,14.5565184941154,,56.8,85300.0030517578,38246.0,36.5385203068178,1.68894004821777,167187.15730982,14.5565184941154,96.34635,56.8,85300.0030517578,38246.0,36.5385203068178,1.68894004821777
Liechtenstein,2019,72.4,100.0,70.0,85.0,26.5,0.0,72.4,100.0,70.0,85.0,26.5,0.0,,,,,,,,14.6070830005951,93.1461,56.1,98099.9984741211,38563.0,38.8093302482647,1.65031254291534,167187.15730982,14.6070830005951,93.1461,56.1,98099.9984741211,38563.0,38.8093302482647,1.65031254291534
Liechtenstein,2020,79.9,100.0,72.1,85.0,30.2,0.0,79.9,100.0,72.1,85.0,30.2,0.0,d,d,d,d,d,d,,14.6666622853765,94.3499,55.2,58400.0015258789,38901.0,34.3376398796162,1.76157629489899,167187.15730982,14.6666622853765,94.3499,55.2,58400.0015258789,38901.0,34.3376398796162,1.76157629489899
Liechtenstein,2021,79.8,100.0,72.2,85.0,31.4,0.0,79.8,100.0,72.2,85.0,31.4,0.0,d,d,d,d,d,d,,14.6989159370696,95.5694,53.6,,39182.0,35.94573289632,1.4647536277771,167187.15730982,14.6989159370696,95.5694,53.6,58400.0015258789,39182.0,35.94573289632,1.4647536277771
Liechtenstein,2022,77.4,100.0,71.8,85.7,30.8,0.0,77.4,100.0,71.8,85.7,30.8,0.0,d,d,d,d,d,d,,14.6923070071538,96.4528,56.9,,39493.0,34.6010660800406,1.48778104782104,167187.15730982,14.6923070071538,96.4528,56.9,58400.0015258789,39493.0,34.6010660800406,1.48778104782104
Liechtenstein,2023,76.7,100.0,71.4,85.0,39.7,0.0,76.7,100.0,71.4,85.0,39.7,0.0,,,,,,,,14.6783761234077,97.3444,,,39846.0,34.1726327164663,1.62781953811646,167187.15730982,14.6783761234077,97.3444,56.9,58400.0015258789,39846.0,34.1726327164663,1.62781953811646
Lithuania,2012,72.2,67.2,62.2,82.4,38.9,48.8,72.2,67.2,62.2,82.4,38.9,48.8,,,,,,,12516.6184065667,66.8536758422852,67.23,23.9,4979000.0,2989139.0,18.6694480586007,0.826729953289032,12516.6184065667,66.8536758422852,67.23,23.9,4979000.0,2989139.0,18.6694480586007,0.826729953289032
Lithuania,2013,54.8,65.6,53.5,87.3,42.9,20.3,54.8,65.6,53.5,87.3,42.9,20.3,,,,,,,13145.8069309969,67.0092086791992,68.4529,26.3,5264000.0,2961250.0,17.663818979093,0.8258997797966,13145.8069309969,67.0092086791992,68.4529,26.3,5264000.0,2961250.0,17.663818979093,0.8258997797966
Lithuania,2014,60.5,66.6,57.7,89.1,51.2,27.2,60.5,66.6,57.7,89.1,51.2,27.2,,,,,,,13753.1895982305,67.1514937628023,72.1335,27.7,5217000.0,2937253.0,17.4023635016509,0.977036237716675,13753.1895982305,67.1514937628023,72.1335,27.7,5217000.0,2937253.0,17.4023635016509,0.977036237716675
Lithuania,2015,74.3,74.9,59.8,87.2,54.8,24.8,74.3,74.9,59.8,87.2,54.8,24.8,,,,,,,14269.8039878287,67.2282485961914,71.3781,29.0,5048000.0,2911109.0,17.2400398133433,1.15046727657318,14269.8039878287,67.2282485961914,71.3781,29.0,5048000.0,2911109.0,17.2400398133433,1.15046727657318
Lithuania,2016,71.0,77.3,69.5,85.0,74.4,48.3,71.0,77.3,69.5,85.0,74.4,48.3,,,,,,,14823.107153522,67.1894226074219,74.3766,31.5,5322000.0,2877325.0,16.8071638901065,1.03285944461823,14823.107153522,67.1894226074219,74.3766,31.5,5322000.0,2877325.0,16.8071638901065,1.03285944461823
Lithuania,2017,45.6,78.3,61.8,86.7,71.5,32.8,45.6,78.3,61.8,86.7,71.5,32.8,,,,,,,15695.9993288456,67.1012954711914,77.6153,33.8,5590000.0,2842639.0,16.7118510614104,0.929402828216553,15695.9993288456,67.1012954711914,77.6153,33.8,5590000.0,2842639.0,16.7118510614104,0.929402828216553
Lithuania,2018,58.2,72.9,60.7,77.5,69.3,23.8,58.2,72.9,60.7,77.5,69.3,23.8,,,,,,,16604.9021440809,67.1464742010457,79.7226,33.7,6115000.0,2819200.0,16.5154267145228,1.0314474105835,16604.9021440809,67.1464742010457,79.7226,33.7,6115000.0,2819200.0,16.5154267145228,1.0314474105835
Lithuania,2019,57.3,77.5,61.9,77.0,69.6,26.4,57.3,77.5,61.9,77.0,69.6,26.4,,,,,,,17431.7239081591,67.245735168457,81.5819,33.5,6150000.0,2811089.0,16.0026233552419,1.00766611099243,17431.7239081591,67.245735168457,81.5819,33.5,6150000.0,2811089.0,16.0026233552419,1.00766611099243
Lithuania,2020,63.4,72.4,61.8,80.1,56.1,30.1,63.4,72.4,61.8,80.1,56.1,30.1,b,b,b,b,b,b,17443.65526328,67.4254608154297,83.0555,31.7,2284000.0,2810369.0,15.4605506017385,1.0149097442627,17443.65526328,67.4254608154297,83.0555,31.7,2284000.0,2810369.0,15.4605506017385,1.0149097442627
Lithuania,2021,66.7,81.2,60.7,82.6,44.8,27.5,66.7,81.2,60.7,82.6,44.8,27.5,,,,,b,,18569.7057246217,68.1912117004395,86.9305,33.2,,2808380.0,15.9178789739431,1.01744949817657,18569.7057246217,68.1912117004395,86.9305,33.2,2284000.0,2808380.0,15.9178789739431,1.01744949817657
Lithuania,2022,69.6,76.7,58.3,81.1,44.1,11.3,69.6,76.7,58.3,81.1,44.1,11.3,,,,,,,18884.5152531698,68.2866452426813,87.7242,,,2831639.0,16.3588734635344,0.993961572647095,18884.5152531698,68.2866452426813,87.7242,33.2,2284000.0,2831639.0,16.3588734635344,0.993961572647095
Lithuania,2023,74.8,85.5,60.7,83.4,42.9,7.6,74.8,85.5,60.7,83.4,42.9,7.6,,,,,,,18685.5523679178,68.575454583199,88.5029,,,2871585.0,14.5770127953479,1.05012118816376,18685.5523679178,68.575454583199,88.5029,33.2,2284000.0,2871585.0,14.5770127953479,1.05012118816376
Luxembourg,2012,94.6,82.4,62.5,76.7,36.7,23.4,94.6,82.4,62.5,76.7,36.7,23.4,,,,,,,104487.744312565,89.4405768017292,91.9499,4.2,950000.0,530946.0,4.55660954148066,1.66362190246582,104487.744312565,89.4405768017292,91.9499,4.2,950000.0,530946.0,4.55660954148066,1.66362190246582
Luxembourg,2013,94.8,83.6,62.8,74.4,32.2,51.0,94.8,83.6,62.8,74.4,32.2,51.0,,,,,,,105338.955521681,89.9413746679705,93.7765,5.7,945000.0,543360.0,4.5543889865113,1.62242209911346,105338.955521681,89.9413746679705,93.7765,5.7,945000.0,543360.0,4.5543889865113,1.62242209911346
Luxembourg,2014,94.5,84.8,66.0,81.6,32.3,34.2,94.5,84.8,66.0,81.6,32.3,34.2,,,,,,,105583.937273429,90.4577807676859,94.6702,6.8,1038000.0,556319.0,4.72811642073937,1.64794015884399,105583.937273429,90.4577807676859,94.6702,6.8,1038000.0,556319.0,4.72811642073937,1.64794015884399
Luxembourg,2015,97.0,91.5,70.0,77.2,32.7,39.0,97.0,91.5,70.0,77.2,32.7,39.0,,,,,,,105462.012584423,90.9893679353068,96.3767,9.1,1090000.0,569604.0,5.47963197133244,1.69270300865173,105462.012584423,90.9893679353068,96.3767,9.1,1090000.0,569604.0,5.47963197133244,1.69270300865173
Luxembourg,2016,97.5,92.9,70.3,78.2,31.9,34.9,97.5,92.9,70.3,78.2,31.9,34.9,,,,,,,108351.451826983,91.5357090052649,98.1367,13.5,1054000.0,582014.0,5.79495633971977,1.65589165687561,108351.451826983,91.5357090052649,98.1367,13.5,1054000.0,582014.0,5.79495633971977,1.65589165687561
Luxembourg,2017,97.5,92.4,69.7,79.1,33.1,25.0,97.5,92.4,69.7,79.1,33.1,25.0,,,,,,,107142.126672598,92.0963768119916,97.363,15.3,1046000.0,596336.0,4.77590867294046,1.64544296264648,107142.126672598,92.0963768119916,97.363,15.3,1046000.0,596336.0,4.77590867294046,1.64544296264648
Luxembourg,2018,98.3,92.9,70.9,80.2,32.3,31.6,98.3,92.9,70.9,80.2,32.3,31.6,,,,,,,106788.728745199,92.6709441899184,97.0613,16.0,1018000.0,607950.0,4.95922781387044,1.73641335964203,106788.728745199,92.6709441899184,97.0613,16.0,1018000.0,607950.0,4.95922781387044,1.73641335964203
Luxembourg,2019,98.4,93.8,71.5,80.1,33.4,28.3,98.4,93.8,71.5,80.1,33.4,28.3,,,,,,,107591.965850496,93.2589839734767,97.1206,16.4,1041000.0,620001.0,5.04282381983955,1.69548451900482,107591.965850496,93.2589839734767,97.1206,16.4,1041000.0,620001.0,5.04282381983955,1.69548451900482
Luxembourg,2020,99.0,83.2,71.9,79.7,34.7,29.7,99.0,83.2,71.9,79.7,34.7,29.7,,,,,,,105274.2471768,93.8600689970981,98.4596,20.8,525000.0,630419.0,4.92606261831825,1.79238891601562,105274.2471768,93.8600689970981,98.4596,20.8,525000.0,630419.0,4.92606261831825,1.79238891601562
Luxembourg,2021,85.2,79.6,73.4,81.4,39.1,70.5,85.2,79.6,73.4,81.4,39.1,70.5,,,,,,,110873.185245175,94.5861743396533,98.6609,20.5,,640064.0,4.64520300173472,1.67725694179535,110873.185245175,94.5861743396533,98.6609,20.5,525000.0,640064.0,4.64520300173472,1.67725694179535
Luxembourg,2022,91.5,70.7,63.4,76.2,38.5,26.2,91.5,70.7,63.4,76.2,38.5,26.2,,,,,,,107467.187082637,94.7605400940185,98.242,,,653103.0,3.91237357895964,1.77222788333893,107467.187082637,94.7605400940185,98.242,20.5,525000.0,653103.0,3.91237357895964,1.77222788333893
Luxembourg,2023,92.1,71.1,66.1,77.9,38.8,30.8,92.1,71.1,66.1,77.9,38.8,30.8,,,,,,,105422.829667869,94.8015300320787,99.3479,,,666430.0,4.05133040095855,1.91421329975128,105422.829667869,94.8015300320787,99.3479,20.5,525000.0,666430.0,4.05133040095855,1.91421329975128
Malta,2012,21.3,41.5,46.6,77.2,32.8,0.8,21.3,41.5,46.6,77.2,32.8,0.8,,,,,,,21529.3982167566,94.3626256493653,68.1999,2.7,2007000.0,420028.0,10.818954256269,1.24083888530731,21529.3982167566,94.3626256493653,68.1999,2.7,2007000.0,420028.0,10.818954256269,1.24083888530731
Malta,2013,49.1,34.3,38.1,48.4,22.6,1.5,49.1,34.3,38.1,48.4,22.6,1.5,,,,,,,22626.4981391343,94.3906567856206,68.9138,3.2,2013000.0,424810.0,9.42755352201871,1.25139141082764,22626.4981391343,94.3906567856206,68.9138,3.2,2013000.0,424810.0,9.42755352201871,1.25139141082764
Malta,2014,31.2,39.1,41.1,55.5,32.9,6.6,31.2,39.1,41.1,55.5,32.9,6.6,,,,,,,23866.0667851301,94.412512773898,73.1141,4.5,2162000.0,433481.0,8.35715230524927,1.02343165874481,23866.0667851301,94.412512773898,73.1141,4.5,2162000.0,433481.0,8.35715230524927,1.02343165874481
Malta,2015,20.3,25.1,37.1,56.4,28.6,3.4,20.3,25.1,37.1,56.4,28.6,3.4,,,,,,,25529.6813337717,94.4387696268011,75.96,6.0,2383000.0,444220.0,7.16094816826619,0.81887686252594,25529.6813337717,94.4387696268011,75.96,6.0,2383000.0,444220.0,7.16094816826619,0.81887686252594
Malta,2016,29.5,30.1,39.7,59.7,23.5,0.0,29.5,30.1,39.7,59.7,23.5,0.0,,,,,,,25969.5120352027,94.4800033569336,78.0751,9.2,2592000.0,454505.0,6.99691855370462,0.920882403850555,25969.5120352027,94.4800033569336,78.0751,9.2,2592000.0,454505.0,6.99691855370462,0.920882403850555
Malta,2017,28.6,42.3,35.6,50.7,19.2,0.0,28.6,42.3,35.6,50.7,19.2,0.0,,,,,,,28546.6597365912,94.5691806330314,81.0119,7.3,2944000.0,467106.0,6.62713852368716,0.968723773956299,28546.6597365912,94.5691806330314,81.0119,7.3,2944000.0,467106.0,6.62713852368716,0.968723773956299
Malta,2018,41.4,68.2,35.7,48.4,11.1,0.0,41.4,68.2,35.7,48.4,11.1,0.0,,,,,,,29536.8052374716,94.7242373261706,81.658,7.6,3232000.0,483903.0,6.53626191019032,0.930900931358337,29536.8052374716,94.7242373261706,81.658,7.6,3232000.0,483903.0,6.53626191019032,0.930900931358337
Malta,2019,43.9,19.6,33.7,45.5,15.4,0.0,43.9,19.6,33.7,45.5,15.4,0.0,,,,,,,29522.661886008,94.9332032524644,85.7786,7.4,3519000.0,503912.0,6.43048526862057,0.824169158935547,29522.661886008,94.9332032524644,85.7786,7.4,3519000.0,503912.0,6.43048526862057,0.824169158935547
Malta,2020,62.5,57.2,40.0,47.8,10.2,0.0,62.5,57.2,40.0,47.8,10.2,0.0,,,,,,,27861.8202844538,95.1841082280263,86.8588,9.2,718000.0,515490.0,6.55760280998252,0.99406486749649,27861.8202844538,95.1841082280263,86.8588,9.2,718000.0,515490.0,6.55760280998252,0.99406486749649
Malta,2021,60.4,27.1,36.8,45.3,15.4,0.0,60.4,27.1,36.8,45.3,15.4,0.0,,,,,,,31436.3493030938,95.5145343617045,87.4698,8.6,,518150.0,6.16633235350792,0.853116869926453,31436.3493030938,95.5145343617045,87.4698,8.6,718000.0,518150.0,6.16633235350792,0.853116869926453
Malta,2022,43.3,13.0,31.8,40.6,16.4,0.0,43.3,13.0,31.8,40.6,16.4,0.0,,,,,,,31430.6187070236,95.6003155132879,91.5406,,,531113.0,6.25227812137697,0.804084479808807,31430.6187070236,95.6003155132879,91.5406,8.6,718000.0,531113.0,6.25227812137697,0.804084479808807
Malta,2023,65.2,15.2,44.4,53.6,35.6,0.0,65.2,15.2,44.4,53.6,35.6,0.0,,,,,,,33408.2005015872,95.6272277147965,92.0727,,,552747.0,5.84641809227501,0.397335052490234,33408.2005015872,95.6272277147965,92.0727,8.6,718000.0,552747.0,5.84641809227501,0.397335052490234
Netherlands,2012,71.3,90.7,69.3,88.9,47.7,29.3,71.3,90.7,69.3,88.9,47.7,29.3,,,,,,,44631.8745388789,88.5342462391333,92.86,4.9,11680000.0,16754962.0,10.0607384630343,1.83936905860901,44631.8745388789,88.5342462391333,92.86,4.9,11680000.0,16754962.0,10.0607384630343,1.83936905860901
Netherlands,2013,79.8,93.1,70.4,88.2,46.6,21.8,79.8,93.1,70.4,88.2,46.6,21.8,,,,,,,44487.03063469,89.1749992370605,93.9564,5.0,12783000.0,16804432.0,9.64816464758619,1.80873382091522,44487.03063469,89.1749992370605,93.9564,5.0,12783000.0,16804432.0,9.64816464758619,1.80873382091522
Netherlands,2014,80.1,93.5,70.5,85.9,50.6,25.1,80.1,93.5,70.5,85.9,50.6,25.1,,,,,,,45042.0669545832,89.8364787097165,91.6667,5.6,13925000.0,16865008.0,9.66230344504418,1.83546948432922,45042.0669545832,89.8364787097165,91.6667,5.6,13925000.0,16865008.0,9.66230344504418,1.83546948432922
Netherlands,2015,82.7,94.6,71.7,85.4,49.8,48.2,82.7,94.6,71.7,85.4,49.8,48.2,,,,,,,45793.8135434697,90.2787737214621,91.7241,5.8,15007000.0,16939923.0,10.1488182500805,1.82862544059753,45793.8135434697,90.2787737214621,91.7241,5.8,15007000.0,16939923.0,10.1488182500805,1.82862544059753
Netherlands,2016,84.4,95.2,72.6,85.4,51.5,51.5,84.4,95.2,72.6,85.4,51.5,51.5,,,,,,,46655.0363382039,90.5803239452777,90.411,5.6,15828000.0,17030314.0,10.2669490054501,1.82028615474701,46655.0363382039,90.5803239452777,90.411,5.6,15828000.0,17030314.0,10.2669490054501,1.82028615474701
Netherlands,2017,86.2,94.9,78.1,87.1,50.4,72.7,86.2,94.9,78.1,87.1,50.4,72.7,,,,,,,47670.1057253297,91.1219700676602,93.1973,6.4,17924000.0,17131296.0,10.5500219081827,1.81402194499969,47670.1057253297,91.1219700676602,93.1973,6.4,17924000.0,17131296.0,10.5500219081827,1.81402194499969
Netherlands,2018,85.7,94.8,79.4,87.9,52.0,76.6,85.7,94.8,79.4,87.9,52.0,76.6,,,,,,b,48463.0299739951,92.6062472401044,91.8919,7.4,18780000.0,17231624.0,10.6594535821754,1.80973696708679,48463.0299739951,92.6062472401044,91.8919,7.4,18780000.0,17231624.0,10.6594535821754,1.80973696708679
Netherlands,2019,86.6,95.6,80.7,91.0,57.2,70.1,86.6,95.6,80.7,91.0,57.2,70.1,,,,,,,49254.0158854264,93.8898028856479,93.2886,8.6,20129000.0,17344874.0,10.420756670246,1.76715266704559,49254.0158854264,93.8898028856479,93.2886,8.6,20129000.0,17344874.0,10.420756670246,1.76715266704559
Netherlands,2020,77.1,87.5,76.5,89.4,49.2,68.1,77.1,87.5,76.5,89.4,49.2,68.1,be,,,,be,,47086.5804192702,94.2532277765935,91.3333,10.7,7265000.0,17441500.0,10.4840023369093,1.8052179813385,47086.5804192702,94.2532277765935,91.3333,10.7,7265000.0,17441500.0,10.4840023369093,1.8052179813385
Netherlands,2021,79.0,90.1,76.8,90.4,48.9,66.5,79.0,90.1,76.8,90.4,48.9,66.5,,,,,,,49780.8440526836,94.6294783220315,92.053,12.2,,17533044.0,10.7549772867478,1.72513651847839,49780.8440526836,94.6294783220315,92.053,12.2,7265000.0,17533044.0,10.7549772867478,1.72513651847839
Netherlands,2022,78.7,89.1,75.2,90.8,45.7,59.6,78.7,89.1,75.2,90.8,45.7,59.6,,,,,,,51777.5431588864,94.9856177734136,92.5197,,,17700982.0,10.3475478456863,1.57889866828918,51777.5431588864,94.9856177734136,92.5197,12.2,7265000.0,17700982.0,10.3475478456863,1.57889866828918
Netherlands,2023,80.6,88.0,75.8,89.4,49.1,57.0,80.6,88.0,75.8,89.4,49.1,57.0,,,,,,,50960.7745021066,95.3221682092129,97.0068,,,17877117.0,10.4715307489623,1.62553191184998,50960.7745021066,95.3221682092129,97.0068,12.2,7265000.0,17877117.0,10.4715307489623,1.62553191184998
Norway,2012,87.6,79.4,55.9,81.6,38.1,8.2,87.6,79.4,55.9,81.6,38.1,8.2,,,,,,,73661.6785830334,79.4905925441617,94.65,56.9,4538000.0,5018573.0,6.7069560944017,1.8999354839325,73661.6785830334,79.4905925441617,94.65,56.9,4538000.0,5018573.0,6.7069560944017,1.8999354839325
Norway,2013,86.2,69.9,54.5,81.4,38.8,8.0,86.2,69.9,54.5,81.4,38.8,8.0,,,,,,,73515.9144917472,79.9723980455359,95.0534,56.6,4778000.0,5079623.0,6.70936969616563,1.87676703929901,73515.9144917472,79.9723980455359,95.0534,56.6,4778000.0,5079623.0,6.70936969616563,1.87676703929901
Norway,2014,87.8,77.8,55.7,82.9,36.1,8.2,87.8,77.8,55.7,82.9,36.1,8.2,,,,,,,74180.3238731011,80.6117159535579,96.3005,55.8,4855000.0,5137232.0,6.88711028232234,1.82170379161835,74180.3238731011,80.6117159535579,96.3005,55.8,4855000.0,5137232.0,6.88711028232234,1.82170379161835
Norway,2015,86.8,81.8,55.1,82.2,37.1,8.4,86.8,81.8,55.1,82.2,37.1,8.4,,,,,,,74809.9658049898,81.2378240971353,96.8103,56.5,5361000.0,5188607.0,6.96157381213814,1.8330682516098,74809.9658049898,81.2378240971353,96.8103,56.5,5361000.0,5188607.0,6.96157381213814,1.8330682516098
Norway,2016,89.4,83.5,56.3,83.0,39.3,8.5,89.4,83.5,56.3,83.0,39.3,8.5,,,,,,,75017.4944769055,81.6800003051758,97.2982,57.7,5960000.0,5234519.0,6.66969401819941,1.83236646652222,75017.4944769055,81.6800003051758,97.2982,57.7,5960000.0,5234519.0,6.66969401819941,1.83236646652222
Norway,2017,83.5,89.5,54.5,85.0,36.9,14.8,83.5,89.5,54.5,85.0,36.9,14.8,,,,,,,76247.4116445341,81.9699745912375,96.3576,58.9,6252000.0,5276968.0,6.47768064968194,1.94444799423218,76247.4116445341,81.9699745912375,96.3576,58.9,6252000.0,5276968.0,6.47768064968194,1.94444799423218
Norway,2018,89.4,91.5,52.9,79.3,36.3,14.8,89.4,91.5,52.9,79.3,36.3,14.8,,,,,,,76373.6474606092,82.2452112401723,96.4917,58.9,5688000.0,5311916.0,6.10398590161945,1.84514558315277,76373.6474606092,82.2452112401723,96.4917,58.9,5688000.0,5311916.0,6.10398590161945,1.84514558315277
Norway,2019,97.7,88.3,53.9,83.3,33.2,14.8,97.7,88.3,53.9,83.3,33.2,14.8,,,,,,,76712.2871160349,82.4935894878281,98.0,59.8,5879000.0,5347896.0,6.27606210506328,1.82773196697235,76712.2871160349,82.4935894878281,98.0,59.8,5879000.0,5347896.0,6.27606210506328,1.82773196697235
Norway,2020,90.4,93.9,52.5,77.6,27.9,17.7,90.4,93.9,52.5,77.6,27.9,17.7,,,,,,,75287.2059527598,82.7029885700532,94.6076,60.9,1397000.0,5379475.0,6.58792601633649,1.88777232170105,75287.2059527598,82.7029885700532,94.6076,60.9,1397000.0,5379475.0,6.58792601633649,1.88777232170105
Norway,2021,83.4,91.8,56.9,79.1,28.3,34.8,83.4,91.8,56.9,79.1,28.3,34.8,,,,,,e,77812.7115614383,82.8612877226956,99.0,61.4,,5408320.0,5.61528387016352,1.79539930820465,77812.7115614383,82.8612877226956,99.0,61.4,1397000.0,5408320.0,5.61528387016352,1.79539930820465
Norway,2022,96.5,90.3,63.1,80.6,28.0,41.8,96.5,90.3,63.1,80.6,28.0,41.8,,,b,,,b,79620.1635455079,82.9563661816034,99.0,,,5457127.0,4.88347530614933,1.94172024726868,79620.1635455079,82.9563661816034,99.0,61.4,1397000.0,5457127.0,4.88347530614933,1.94172024726868
Norway,2023,80.4,91.9,64.0,85.1,30.2,45.4,80.4,91.9,64.0,85.1,30.2,45.4,,,,,,,78775.7495154943,83.0718560702166,99.0,,,5519601.0,6.04756310766964,1.79993534088135,78775.7495154943,83.0718560702166,99.0,61.4,1397000.0,5519601.0,6.04756310766964,1.79993534088135
Poland,2012,51.2,46.9,41.4,53.1,22.2,28.5,51.2,46.9,41.4,53.1,22.2,28.5,,,,,,,11542.2353368014,60.6341632788866,62.31,10.9,67390000.0,38063164.0,16.5564693800308,0.657871425151825,11542.2353368014,60.6341632788866,62.31,10.9,67390000.0,38063164.0,16.5564693800308,0.657871425151825
Poland,2013,43.6,34.5,36.1,50.0,20.0,21.9,43.6,34.5,36.1,50.0,20.0,21.9,,,,,,,11628.2286809525,60.5333187465323,62.8492,11.4,72310000.0,38040196.0,15.5581865074907,0.659244894981384,11628.2286809525,60.5333187465323,62.8492,11.4,72310000.0,38040196.0,15.5581865074907,0.659244894981384
Poland,2014,60.2,52.9,55.4,72.8,28.6,48.6,60.2,52.9,55.4,72.8,28.6,48.6,,,,,,,12093.1622787394,60.4340063344328,66.5987,11.6,73750000.0,38011735.0,16.9081122802504,0.768983721733093,12093.1622787394,60.4340063344328,66.5987,11.6,73750000.0,38011735.0,16.9081122802504,0.768983721733093
Poland,2015,57.2,62.0,57.6,77.6,31.6,50.5,57.2,62.0,57.6,77.6,31.6,50.5,,,,,,,12637.5220324406,60.3362886805635,67.997,11.9,77743000.0,37986412.0,17.6693391336256,0.74108874797821,12637.5220324406,60.3362886805635,67.997,11.9,77743000.0,37986412.0,17.6693391336256,0.74108874797821
Poland,2016,59.6,59.4,58.0,73.8,47.3,40.8,59.6,59.4,58.0,73.8,47.3,40.8,,,,,,,13026.1858988718,60.2402284228997,73.3007,11.3,80476000.0,37970087.0,18.2752041844413,0.651506066322327,13026.1858988718,60.2402284228997,73.3007,11.3,80476000.0,37970087.0,18.2752041844413,0.651506066322327
Poland,2017,63.0,62.6,56.7,82.2,34.7,32.4,63.0,62.6,56.7,82.2,34.7,32.4,,,,,,,13695.6452848724,60.145888199417,75.9854,11.1,83804000.0,37974826.0,16.8858634359557,0.550776779651642,13695.6452848724,60.145888199417,75.9854,11.1,83804000.0,37974826.0,16.8858634359557,0.550776779651642
Poland,2018,61.8,75.5,58.7,88.2,35.7,29.1,61.8,75.5,58.7,88.2,35.7,29.1,,,,,,,14551.0850277089,60.0533306480907,77.5417,15.1,85946000.0,37974750.0,16.4851063076839,0.546892523765564,14551.0850277089,60.0533306480907,77.5417,15.1,85946000.0,37974750.0,16.4851063076839,0.546892523765564
Poland,2019,69.1,86.2,58.2,82.7,36.4,27.9,69.1,86.2,58.2,82.7,36.4,27.9,,,,,,,15221.3090624454,59.9626184068963,80.4359,15.6,88515000.0,37965475.0,16.6614878848919,0.512824833393097,15221.3090624454,59.9626184068963,80.4359,15.6,88515000.0,37965475.0,16.6614878848919,0.512824833393097
Poland,2020,69.3,91.06666666666666,60.13333333333333,86.10000000000001,39.699999999999996,26.0,,,,,,,,,,,,,15090.2228440113,59.8738141138092,83.1849,16.1,,37515748.0,16.2083685829628,0.324195116758347,15090.2228440113,59.8738141138092,83.1849,16.1,88515000.0,37515748.0,16.2083685829628,0.324195116758347
Poland,2021,69.5,95.93333333333334,62.06666666666667,89.5,43.0,24.099999999999998,,,,,,,,,,,,,16368.6239689025,59.8096513205543,85.3749,15.2,,36981559.0,17.3006156636927,0.254306375980377,16368.6239689025,59.8096513205543,85.3749,15.2,88515000.0,36981559.0,17.3006156636927,0.254306375980377
Poland,2022,69.7,100.8,64.0,92.9,46.3,22.2,69.7,100.8,64.0,92.9,46.3,22.2,,,,,,,17303.64494323,59.8315488048321,86.9411,,,36821749.0,17.6513214118709,0.258881956338882,17303.64494323,59.8315488048321,86.9411,15.2,88515000.0,36821749.0,17.6513214118709,0.258881956338882
Poland,2023,67.5,83.2,67.4,98.9,46.3,30.7,67.5,83.2,67.4,98.9,46.3,30.7,p,p,p,p,p,p,17410.3830137066,59.8859561370214,86.4147,,,36687353.0,17.4578672165103,0.421437799930573,17410.3830137066,59.8859561370214,86.4147,15.2,88515000.0,36687353.0,17.4578672165103,0.421437799930573
Portugal,2012,59.6,72.3,56.9,66.1,30.4,69.7,59.6,72.3,56.9,66.1,30.4,69.7,,,,,,,18679.7626789594,61.1409793914666,60.34,25.5,7503000.0,10514844.0,11.3753199190097,1.00191485881805,18679.7626789594,61.1409793914666,60.34,25.5,7503000.0,10514844.0,11.3753199190097,1.00191485881805
Portugal,2013,55.7,75.7,61.5,73.4,35.3,98.5,55.7,75.7,61.5,73.4,35.3,98.5,,,,,,,18597.7214623964,61.1405315215642,62.0956,30.2,9177000.0,10457295.0,11.5651993214334,1.19421780109406,18597.7214623964,61.1405315215642,62.0956,30.2,9177000.0,10457295.0,11.5651993214334,1.19421780109406
Portugal,2014,56.4,58.3,61.0,69.1,40.0,131.5,56.4,58.3,61.0,69.1,40.0,131.5,,,,,,,18836.8967978906,61.1394537361116,64.5924,30.5,10497000.0,10401062.0,11.8414875390346,0.983170330524445,18836.8967978906,61.1394537361116,64.5924,30.5,10497000.0,10401062.0,11.8414875390346,0.983170330524445
Portugal,2015,55.2,63.6,57.1,62.2,43.0,86.5,55.2,63.6,57.1,62.2,43.0,86.5,,,,,,,19215.7813014347,61.137469211538,68.6329,27.2,11723000.0,10358076.0,12.2513540948869,1.15793454647064,19215.7813014347,61.137469211538,68.6329,27.2,11723000.0,10358076.0,12.2513540948869,1.15793454647064
Portugal,2016,58.5,42.9,60.9,70.1,41.8,103.4,58.5,42.9,60.9,70.1,41.8,103.4,,,,,,,19662.82312462,61.1343011242723,70.4236,29.0,13359000.0,10325452.0,12.2435166305722,1.14832854270935,19662.82312462,61.1343011242723,70.4236,29.0,13359000.0,10325452.0,12.2435166305722,1.14832854270935
Portugal,2017,49.0,43.6,55.3,66.9,34.9,89.9,49.0,43.6,55.3,66.9,34.9,89.9,,,b,,,,20364.1962735946,61.1296726507436,73.7912,24.4,15432000.0,10300300.0,12.4309295704729,1.2940491437912,20364.1962735946,61.1296726507436,73.7912,24.4,15432000.0,10300300.0,12.4309295704729,1.2940491437912
Portugal,2018,51.3,42.5,57.9,66.8,33.9,76.5,51.3,42.5,57.9,66.8,33.9,76.5,,,,,,,20997.7745987013,61.1233069673808,74.661,27.5,16186000.0,10283822.0,12.322133201471,1.18115174770355,20997.7745987013,61.1233069673808,74.661,27.5,16186000.0,10283822.0,12.322133201471,1.18115174770355
Portugal,2019,56.1,45.8,62.8,71.0,35.6,91.1,56.1,45.8,62.8,71.0,35.6,91.1,,,,,,,21569.1874752919,61.114927250613,75.3464,28.2,17283000.0,10286263.0,11.9377600515866,1.13418579101562,21569.1874752919,61.114927250613,75.3464,28.2,17283000.0,10286263.0,11.9377600515866,1.13418579101562
Portugal,2020,52.0,46.3,59.5,66.0,33.9,88.2,52.0,46.3,59.5,66.0,33.9,88.2,,,,,,,19778.7139525722,61.1042566768691,78.2617,31.3,4208000.0,10297081.0,12.0900462439681,0.979601144790649,19778.7139525722,61.1042566768691,78.2617,31.3,4208000.0,10297081.0,12.0900462439681,0.979601144790649
Portugal,2021,54.7,54.5,63.1,66.6,38.1,113.4,54.7,54.5,63.1,66.6,38.1,113.4,,,,,,,20747.6990734163,61.0951249296597,82.309,32.3,,10361831.0,12.4429299331489,0.952431321144104,20747.6990734163,61.0951249296597,82.309,32.3,4208000.0,10361831.0,12.4429299331489,0.952431321144104
Portugal,2022,56.9,52.1,61.1,64.4,37.3,79.5,56.9,52.1,61.1,64.4,37.3,79.5,,,,,,,22042.8680283647,61.1259255772782,84.4969,,,10434332.0,12.4622635474503,1.00113356113434,22042.8680283647,61.1259255772782,84.4969,32.3,4208000.0,10434332.0,12.4622635474503,1.00113356113434
Portugal,2023,55.9,50.2,61.8,62.8,39.5,94.1,55.9,50.2,61.8,62.8,39.5,94.1,,,,,,,22417.1615864385,61.2048652633664,85.7901,,,10578174.0,12.0809802413045,0.987550020217896,22417.1615864385,61.2048652633664,85.7901,32.3,4208000.0,10578174.0,12.0809802413045,0.987550020217896
Romania,2012,66.3,55.5,56.8,69.8,51.3,41.1,66.3,55.5,56.8,69.8,51.3,41.1,,,,,,,8234.28553425194,53.9563092496073,45.88,21.5,7937000.0,20058035.0,21.2783438640457,-0.169484630227089,8234.28553425194,53.9563092496073,45.88,21.5,7937000.0,20058035.0,21.2783438640457,-0.169484630227089
Romania,2013,49.2,52.8,52.8,74.6,51.7,28.9,49.2,52.8,52.8,74.6,51.7,28.9,,,,,,,8287.95844089676,53.9101758034365,49.7645,23.1,8019000.0,19983693.0,20.2152670692205,0.134710595011711,8287.95844089676,53.9101758034365,49.7645,23.1,8019000.0,19983693.0,20.2152670692205,0.134710595011711
Romania,2014,54.2,64.2,54.8,83.4,44.5,26.6,54.2,64.2,54.8,83.4,44.5,26.6,,,,,,,8661.47397274241,53.8267187624053,54.0783,24.3,8442000.0,19908979.0,21.5132642153968,0.224672213196754,8661.47397274241,53.8267187624053,54.0783,24.3,8442000.0,19908979.0,21.5132642153968,0.224672213196754
Romania,2015,41.1,64.1,55.9,89.3,46.7,28.8,41.1,64.1,55.9,89.3,46.7,28.8,,,,,,,8977.01748158196,53.7071839518893,55.7632,23.7,9331000.0,19815616.0,20.2080251087435,0.0987904593348503,8977.01748158196,53.7071839518893,55.7632,23.7,9331000.0,19815616.0,20.2080251087435,0.0987904593348503
Romania,2016,64.1,62.1,60.4,92.5,46.5,27.6,64.1,62.1,60.4,92.5,46.5,27.6,,,,,,,9286.87678236598,53.5528171972639,59.504,24.4,10223000.0,19702267.0,20.1242845144537,-0.0682618692517281,9286.87678236598,53.5528171972639,59.504,24.4,10223000.0,19702267.0,20.1242845144537,-0.0682618692517281
Romania,2017,63.0,60.4,60.4,90.6,47.6,30.0,63.0,60.4,60.4,90.6,47.6,30.0,,,,,,,10106.2269557253,53.3648643239046,63.7473,23.4,10926000.0,19588715.0,19.8307791051555,-0.0847913026809692,10106.2269557253,53.3648643239046,63.7473,23.4,10926000.0,19588715.0,19.8307791051555,-0.0847913026809692
Romania,2018,61.1,58.7,57.9,88.9,43.0,28.4,61.1,58.7,57.9,88.9,43.0,28.4,,,,,,,10714.1701157127,53.1445711571868,70.6813,23.0,11720000.0,19473970.0,19.069928394043,-0.177138328552246,10714.1701157127,53.1445711571868,70.6813,23.0,11720000.0,19473970.0,19.069928394043,-0.177138328552246
Romania,2019,42.9,49.6,44.6,68.3,31.1,24.8,42.9,49.6,44.6,68.3,31.1,24.8,b,b,b,b,b,b,11197.3162915853,52.8931835224862,73.6575,23.5,12815000.0,19371648.0,17.2425919406663,-0.215103924274445,11197.3162915853,52.8931835224862,73.6575,23.5,12815000.0,19371648.0,17.2425919406663,-0.215103924274445
Romania,2020,42.7,51.1,39.9,63.2,30.1,16.6,42.7,51.1,39.9,63.2,30.1,16.6,,,,,,,10854.049431887,52.611947245178,78.4553,24.1,5023000.0,19265250.0,15.9165222191834,-0.286944448947906,10854.049431887,52.611947245178,78.4553,24.1,5023000.0,19265250.0,15.9165222191834,-0.286944448947906
Romania,2021,28.0,44.2,38.3,67.9,31.6,15.7,28.0,44.2,38.3,67.9,31.6,15.7,,,,,,,11546.3224998072,52.2321512130811,83.5904,23.6,,19122059.0,15.710445243797,-0.163359016180038,11546.3224998072,52.2321512130811,83.5904,23.6,5023000.0,19122059.0,15.710445243797,-0.163359016180038
Romania,2022,30.0,42.2,37.3,64.1,32.4,16.1,30.0,42.2,37.3,64.1,32.4,16.1,,,,,,,12076.3033811896,52.1634832477272,85.5031,,,19048502.0,13.822743326618,-0.000462350901216269,12076.3033811896,52.1634832477272,85.5031,23.6,5023000.0,19048502.0,13.822743326618,-0.000462350901216269
Romania,2023,30.0,42.2,37.3,64.1,32.4,16.1,,,,,,,,,,,,,12340.8170509969,52.1645747011867,89.2034,,,19061062.0,13.8755293574211,-0.0926659479737282,12340.8170509969,52.1645747011867,89.2034,23.6,5023000.0,19061062.0,13.8755293574211,-0.0926659479737282
Slovakia,2012,69.4,67.8,68.1,84.7,57.0,36.7,69.4,67.8,68.1,84.7,57.0,36.7,,,,,,,15159.6570420004,54.2764528316182,76.71,10.5,,5407579.0,17.2745943049528,0.781547546386719,15159.6570420004,54.2764528316182,76.71,10.5,12583000.0,5407579.0,17.2745943049528,0.781547546386719
Slovakia,2013,72.9,68.9,65.9,79.7,55.1,36.4,72.9,68.9,65.9,79.7,55.1,36.4,,,,,,,15249.8824513785,54.1384024098892,77.8826,10.7,12583000.0,5413393.0,16.6679619490037,0.725380659103394,15249.8824513785,54.1384024098892,77.8826,10.7,12583000.0,5413393.0,16.6679619490037,0.725380659103394
Slovakia,2014,67.7,70.8,65.4,79.9,55.9,37.2,67.7,70.8,65.4,79.9,55.9,37.2,,,,,,,15647.6491763517,54.0029125499893,79.9843,12.2,11556000.0,5418649.0,18.5341754362134,0.793422877788544,15647.6491763517,54.0029125499893,79.9843,12.2,11556000.0,5418649.0,18.5341754362134,0.793422877788544
Slovakia,2015,66.2,73.5,64.3,76.8,54.4,42.1,66.2,73.5,64.3,76.8,54.4,42.1,,,,,,,16442.0760860018,53.8700628001622,77.6347,13.4,14936000.0,5423801.0,18.8287638047366,0.736977159976959,16442.0760860018,53.8700628001622,77.6347,13.4,14936000.0,5423801.0,18.8287638047366,0.736977159976959
Slovakia,2016,62.2,80.4,65.8,78.4,51.7,55.3,62.2,80.4,65.8,78.4,51.7,55.3,,,,,,,16740.7413996428,53.7399327086517,80.4759,13.1,17376000.0,5430798.0,17.7674522396181,0.793482840061188,16740.7413996428,53.7399327086517,80.4759,13.1,17376000.0,5430798.0,17.7674522396181,0.793482840061188
Slovakia,2017,68.7,86.1,65.7,74.2,52.4,47.2,68.7,86.1,65.7,74.2,52.4,47.2,,,,,,,17195.2888721963,53.6126018237016,81.6257,12.4,15406000.0,5439232.0,17.1198654148987,0.666439116001129,17195.2888721963,53.6126018237016,81.6257,12.4,15406000.0,5439232.0,17.1198654148987,0.666439116001129
Slovakia,2018,68.6,75.4,66.6,76.7,51.4,53.4,68.6,75.4,66.6,76.7,51.4,53.4,,,,,,,17869.0149173679,53.4881496935559,80.4489,12.4,15299000.0,5446771.0,18.107047254531,0.581321477890015,17869.0149173679,53.4881496935559,80.4489,12.4,15299000.0,5446771.0,18.107047254531,0.581321477890015
Slovakia,2019,69.7,72.4,67.5,77.7,52.8,55.7,69.7,72.4,67.5,77.7,52.8,55.7,,,,,,,18250.9802475637,53.3666558664583,82.8537,17.6,,5454147.0,18.7020217269875,0.54965877532959,18250.9802475637,53.3666558664583,82.8537,17.6,15299000.0,5454147.0,18.7020217269875,0.54965877532959
Slovakia,2020,74.4,71.1,70.8,79.7,56.3,61.4,74.4,71.1,70.8,79.7,56.3,61.4,d,d,d,d,d,d,17763.8563847352,53.2481998906526,89.9209,17.6,,5458827.0,17.5406369148503,0.502145826816559,17763.8563847352,53.2481998906526,89.9209,17.6,15299000.0,5458827.0,17.5406369148503,0.502145826816559
Slovakia,2021,81.7,76.5,73.9,82.3,60.2,57.2,81.7,76.5,73.9,82.3,60.2,57.2,d,d,d,d,d,d,18808.4540496595,53.1901479870605,88.9256,17.9,,5447247.0,16.6273511795662,0.490655839443207,18808.4540496595,53.1901479870605,88.9256,17.9,15299000.0,5447247.0,16.6273511795662,0.490655839443207
Slovakia,2022,79.4,77.1,71.8,78.5,59.6,60.0,79.4,77.1,71.8,78.5,59.6,60.0,d,d,d,d,d,d,18964.8298400624,53.1902831072528,89.0677,,,5431752.0,17.3506431084601,0.378134667873383,18964.8298400624,53.1902831072528,89.0677,17.9,15299000.0,5431752.0,17.3506431084601,0.378134667873383
Slovakia,2023,77.3,83.3,71.9,81.6,54.1,61.7,77.3,83.3,71.9,81.6,54.1,61.7,dp,dp,dp,dp,dp,dp,19383.3732009401,53.190805019646,87.2131,,,5426740.0,16.8469462095189,0.229512304067612,19383.3732009401,53.190805019646,87.2131,17.9,15299000.0,5426740.0,16.8469462095189,0.229512304067612
Slovenia,2012,87.3,41.6,66.9,78.7,64.8,33.1,87.3,41.6,66.9,78.7,64.8,33.1,,,,,,,19894.8697964548,49.7619476318359,68.35,20.2,2377000.0,2057159.0,18.7169143022718,1.018315076828,19894.8697964548,49.7619476318359,68.35,20.2,2377000.0,2057159.0,18.7169143022718,1.018315076828
Slovenia,2013,85.9,58.4,69.0,78.7,81.7,15.1,85.9,58.4,69.0,78.7,81.7,15.1,,,,,,,19704.2186005128,50.0466580754027,72.6756,22.5,2502000.0,2059953.0,19.1692650538617,1.00098669528961,19704.2186005128,50.0466580754027,72.6756,22.5,2502000.0,2059953.0,19.1692650538617,1.00098669528961
Slovenia,2014,99.3,50.8,70.4,80.4,69.4,25.9,99.3,50.8,70.4,80.4,69.4,25.9,,,,,,,20228.7081986391,50.983470916748,71.5863,22.9,2675000.0,2061980.0,19.6425391528278,0.996188342571259,20228.7081986391,50.983470916748,71.5863,22.9,2675000.0,2061980.0,19.6425391528278,0.996188342571259
Slovenia,2015,98.5,62.8,67.0,75.6,63.4,19.3,98.5,62.8,67.0,75.6,63.4,19.3,,,,,,,20697.2748530619,53.6612160294144,73.0987,21.4,3022000.0,2063531.0,19.9837917138592,0.936799585819244,20697.2748530619,53.6612160294144,73.0987,21.4,3022000.0,2063531.0,19.9837917138592,0.936799585819244
Slovenia,2016,100.2,71.2,69.4,76.6,62.0,23.6,100.2,71.2,69.4,76.6,62.0,23.6,,,,,,,21309.7122138949,53.647274017334,75.4985,21.0,3397000.0,2065042.0,20.2309490466323,1.08712339401245,21309.7122138949,53.647274017334,75.4985,21.0,3397000.0,2065042.0,20.2309490466323,1.08712339401245
Slovenia,2017,98.5,71.1,70.1,76.2,60.4,32.2,98.5,71.1,70.1,76.2,60.4,32.2,,,,,,,22397.7634988337,55.2451133728027,78.8854,19.7,3991000.0,2066388.0,20.6408219046834,1.12923729419708,22397.7634988337,55.2451133728027,78.8854,19.7,3991000.0,2066388.0,20.6408219046834,1.12923729419708
Slovenia,2018,104.0,64.3,68.0,81.2,48.8,25.1,104.0,64.3,68.0,81.2,48.8,25.1,,,,,,,23293.966665323,55.1913430955675,79.75,20.6,4425000.0,2073894.0,20.4061968964047,1.08223867416382,23293.966665323,55.1913430955675,79.75,20.6,4425000.0,2073894.0,20.4061968964047,1.08223867416382
Slovenia,2019,99.5,68.2,67.1,80.6,50.3,22.2,99.5,68.2,67.1,80.6,50.3,22.2,,,,,,,23943.1800949889,55.4523277282715,83.1084,20.9,4702000.0,2088385.0,20.5744094031508,1.04178440570831,23943.1800949889,55.4523277282715,83.1084,20.9,4702000.0,2088385.0,20.5744094031508,1.04178440570831
Slovenia,2020,98.4,59.2,67.9,82.9,44.6,37.3,98.4,59.2,67.9,82.9,44.6,37.3,e,,,,,,22811.8050540778,55.384391784668,86.6013,22.7,1216000.0,2102419.0,20.5177897656073,1.121173620224,22811.8050540778,55.384391784668,86.6013,22.7,1216000.0,2102419.0,20.5177897656073,1.121173620224
Slovenia,2021,96.4,55.2,55.2,60.4,50.0,19.1,96.4,55.2,55.2,60.4,50.0,19.1,,,,,,,24665.4410464026,55.3046289429588,89.004,23.4,,2108079.0,19.9228972672545,1.13730704784393,24665.4410464026,55.3046289429588,89.004,23.4,1216000.0,2108079.0,19.9228972672545,1.13730704784393
Slovenia,2022,80.2,68.5,62.6,74.3,50.9,27.4,80.2,68.5,62.6,74.3,50.9,27.4,,,,,,,25275.715967757,55.3377817873563,88.9125,,,2112076.0,19.934678378123,1.06853556632996,25275.715967757,55.3377817873563,88.9125,23.4,1216000.0,2112076.0,19.934678378123,1.06853556632996
Slovenia,2023,112.0,100.7,73.6,82.2,51.5,40.0,112.0,100.7,73.6,82.2,51.5,40.0,,,,,,,25773.9015835069,55.5378927789875,90.3779,,,2120461.0,19.5198398726195,1.03929400444031,25773.9015835069,55.5378927789875,90.3779,23.4,1216000.0,2120461.0,19.5198398726195,1.03929400444031
Spain,2012,64.2,78.0,65.5,77.8,35.1,57.9,64.2,78.0,65.5,77.8,35.1,57.9,,,,,,,24763.568274484,78.8455680301618,69.81,15.8,98128000.0,46773055.0,10.8118621882614,1.05716216564178,24763.568274484,78.8455680301618,69.81,15.8,98128000.0,46773055.0,10.8118621882614,1.05716216564178
Spain,2013,67.4,80.9,66.6,75.0,40.7,64.3,67.4,80.9,66.6,75.0,40.7,64.3,,,,,,,24498.5559507945,78.9858086902112,71.635,16.9,103231000.0,46604197.0,10.8662587310316,1.16768598556519,24498.5559507945,78.9858086902112,71.635,16.9,103231000.0,46604197.0,10.8662587310316,1.16768598556519
Spain,2014,69.7,81.1,68.7,78.2,42.5,64.3,69.7,81.1,68.7,78.2,42.5,64.3,,,,,,,24947.8512505913,79.1196713833488,76.1867,17.3,107144000.0,46460733.0,10.9975561841823,1.1732976436615,24947.8512505913,79.1196713833488,76.1867,17.3,107144000.0,46460733.0,10.9975561841823,1.1732976436615
Spain,2015,70.4,79.9,68.4,76.9,44.0,65.5,70.4,79.9,68.4,76.9,44.0,65.5,,,,,,,25982.4416197775,79.2454892743023,78.6896,16.3,109834000.0,46422303.0,11.0137685905408,1.15725028514862,25982.4416197775,79.2454892743023,78.6896,16.3,109834000.0,46422303.0,11.0137685905408,1.15725028514862
Spain,2016,71.8,82.6,70.3,79.7,45.5,67.1,71.8,82.6,70.3,79.7,45.5,67.1,,,,,,,26719.2442268615,79.3615955277997,80.5613,16.7,115561000.0,46458139.0,10.9527706513192,1.0948657989502,26719.2442268615,79.3615955277997,80.5613,16.7,115561000.0,46458139.0,10.9527706513192,1.0948657989502
Spain,2017,72.2,85.1,68.5,74.6,47.9,67.5,72.2,85.1,68.5,74.6,47.9,67.5,,,,,,,27426.281015093,79.4663233085683,84.6022,15.2,121717000.0,46571232.0,11.1145583338461,1.00125849246979,27426.281015093,79.4663233085683,84.6022,15.2,121717000.0,46571232.0,11.1145583338461,1.00125849246979
Spain,2018,76.8,84.0,68.8,72.5,50.7,67.0,76.8,84.0,68.8,72.5,50.7,67.0,,,,,,,27956.7225466484,79.5580057813361,86.1072,16.9,124456000.0,46782011.0,10.7886322916564,0.969246029853821,27956.7225466484,79.5580057813361,86.1072,16.9,124456000.0,46782011.0,10.7886322916564,0.969246029853821
Spain,2019,79.8,84.0,69.6,72.9,51.5,66.9,79.8,84.0,69.6,72.9,51.5,66.9,,,,,,be,28301.4393949563,79.6349761108307,90.7187,16.7,126170000.0,47118501.0,10.6967320991298,0.968808770179749,28301.4393949563,79.6349761108307,90.7187,16.7,126170000.0,47118501.0,10.6967320991298,0.968808770179749
Spain,2020,66.7,78.6,68.3,71.0,41.3,88.0,66.7,78.6,68.3,71.0,41.3,88.0,b,,,,b,b,25077.019882928,79.6955674617799,93.2056,19.3,36410000.0,47359424.0,10.853212942808,0.853928565979004,25077.019882928,79.6955674617799,93.2056,19.3,36410000.0,47359424.0,10.853212942808,0.853928565979004
Spain,2021,65.8,79.6,66.4,78.0,44.1,65.1,65.8,79.6,66.4,78.0,44.1,65.1,,,,b,,b,26705.3629138959,79.7846242983598,93.8975,19.0,,47443821.0,11.2560847091885,0.907896876335144,26705.3629138959,79.7846242983598,93.8975,19.0,36410000.0,47443821.0,11.2560847091885,0.907896876335144
Spain,2022,67.7,79.9,69.1,78.1,41.2,80.1,67.7,79.9,69.1,78.1,41.2,80.1,,,,,,,28203.1093419474,79.9548794567814,94.4855,,,47786102.0,11.0279875249207,0.920230388641357,28203.1093419474,79.9548794567814,94.4855,19.0,36410000.0,47786102.0,11.0279875249207,0.920230388641357
Spain,2023,69.8,76.5,70.5,79.2,46.2,77.8,69.8,76.5,70.5,79.2,46.2,77.8,,,,,,,28558.6319817501,80.128491001856,95.4456,,,48352528.0,10.9510128785567,0.752065539360046,28558.6319817501,80.128491001856,95.4456,19.0,36410000.0,48352528.0,10.9510128785567,0.752065539360046
Sweden,2012,88.2,74.4,69.6,76.8,34.9,79.8,88.2,74.4,69.6,76.8,34.9,79.8,,,,,,,48789.7906883637,85.6250668883122,93.18,48.3,12372000.0,9519374.0,14.075787455749,1.91103565692902,48789.7906883637,85.6250668883122,93.18,48.3,12372000.0,9519374.0,14.075787455749,1.91103565692902
Sweden,2013,89.0,77.4,71.9,78.4,45.6,59.9,89.0,77.4,71.9,78.4,45.6,59.9,,,,,,,48928.4994141291,85.9249771259894,94.7836,47.3,10980000.0,9600379.0,13.3620553717027,1.78899824619293,48928.4994141291,85.9249771259894,94.7836,47.3,10980000.0,9600379.0,13.3620553717027,1.78899824619293
Sweden,2014,94.7,76.5,70.5,79.3,47.5,22.3,94.7,76.5,70.5,79.3,47.5,22.3,,,,,,,49557.6183647959,86.2563838747314,92.5236,48.6,10522000.0,9696110.0,13.0439345797552,1.68137550354004,49557.6183647959,86.2563838747314,92.5236,48.6,10522000.0,9696110.0,13.0439345797552,1.68137550354004
Sweden,2015,93.6,77.7,71.8,81.7,49.0,21.5,93.6,77.7,71.8,81.7,49.0,21.5,,,,,,,51188.1652120493,86.6158654081858,90.6102,51.9,6482000.0,9799186.0,13.7574995225643,1.6848486661911,51188.1652120493,86.6158654081858,90.6102,51.9,6482000.0,9799186.0,13.7574995225643,1.6848486661911
Sweden,2016,92.8,81.5,68.2,81.8,50.7,30.9,92.8,81.5,68.2,81.8,50.7,30.9,,,,,,b,51626.3235312369,87.0,89.6509,50.9,6782000.0,9923085.0,13.5121304151952,1.66307485103607,51626.3235312369,87.0,89.6509,50.9,6782000.0,9923085.0,13.5121304151952,1.66307485103607
Sweden,2017,93.0,84.5,71.7,81.8,48.4,50.4,93.0,84.5,71.7,81.8,48.4,50.4,,,,,,b,51894.3748177808,87.237373786911,93.0063,51.8,7054000.0,10057698.0,13.3499842845446,1.67575168609619,51894.3748177808,87.237373786911,93.0063,51.8,7054000.0,10057698.0,13.3499842845446,1.67575168609619
Sweden,2018,92.7,82.8,65.0,77.2,50.0,34.6,92.7,82.8,65.0,77.2,50.0,34.6,,,,,,b,52203.0872589761,87.4737430925296,89.247,51.6,7440000.0,10175214.0,13.4279172772114,1.67109441757202,52203.0872589761,87.4737430925296,89.247,51.6,7440000.0,10175214.0,13.4279172772114,1.67109441757202
Sweden,2019,93.1,81.0,63.6,75.0,53.2,29.8,93.1,81.0,63.6,75.0,53.2,29.8,,,,,,,53024.4099494317,87.7088420242759,94.4934,52.9,7616000.0,10278887.0,13.1846571322397,1.67401242256165,53024.4099494317,87.7088420242759,94.4934,52.9,7616000.0,10278887.0,13.1846571322397,1.67401242256165
Sweden,2020,93.5,83.7,60.9,78.0,33.5,10.8,93.5,83.7,60.9,78.0,33.5,10.8,,,,b,b,b,51624.5811789573,87.9424046895699,94.5394,57.8,1957000.0,10353442.0,12.6551436257382,1.6700267791748,51624.5811789573,87.9424046895699,94.5394,57.8,1957000.0,10353442.0,12.6551436257382,1.6700267791748
Sweden,2021,82.8,83.9,59.6,84.8,23.8,28.2,82.8,83.9,59.6,84.8,23.8,28.2,b,b,,b,be,e,53997.1337068799,88.1741651958315,94.6703,57.9,,10415811.0,12.8992240335489,1.61025524139404,53997.1337068799,88.1741651958315,94.6703,57.9,1957000.0,10415811.0,12.8992240335489,1.61025524139404
Sweden,2022,85.6,81.9,66.3,77.5,28.3,71.6,85.6,81.9,66.3,77.5,28.3,71.6,,,,,be,e,54304.1877501033,88.4038576504809,95.0097,,,10486941.0,13.686213930746,1.5724048614502,54304.1877501033,88.4038576504809,95.0097,57.9,1957000.0,10486941.0,13.686213930746,1.5724048614502
Sweden,2023,84.7,86.4,68.5,80.9,28.6,94.8,84.7,86.4,68.5,80.9,28.6,94.8,,,,,,e,53937.7967122429,88.631216160938,95.7033,,,10536632.0,13.3941389054248,1.60138332843781,53937.7967122429,88.631216160938,95.7033,57.9,1957000.0,10536632.0,13.3941389054248,1.60138332843781
